<?xml version="1.0" encoding="utf-8"?><gpx version="1.1" creator="MySchweizMobil - https://map.schweizmobil.ch/" xmlns:xsi="http://www.w3.org/2001/XMLSchema-instance" xmlns="http://www.topografix.com/GPX/1/1" xsi:schemaLocation="http://www.topografix.com/GPX/1/1 http://www.topografix.com/GPX/1/1/gpx.xsd"><metadata><name>strecke11</name><bounds minlat="47.28534143837169" minlon="8.622142439242452" maxlat="47.33343845512718" maxlon="8.688485671766102" /></metadata><trk><name>strecke11</name><trkseg><trkpt lat="47.30195445148274" lon="8.68652929738164"><ele>555.0</ele></trkpt><trkpt lat="47.30187549442053" lon="8.686593572143465"><ele>555.0</ele></trkpt><trkpt lat="47.30179743655026" lon="8.686657867860049"><ele>555.0</ele></trkpt><trkpt lat="47.301718479488045" lon="8.686722142156214"><ele>555.0</ele></trkpt><trkpt lat="47.30161045771092" lon="8.686812184751034"><ele>554.8999938964844</ele></trkpt><trkpt lat="47.30152540560812" lon="8.686857802793384"><ele>554.7999877929688</ele></trkpt><trkpt lat="47.30144035350531" lon="8.686903420370072"><ele>555.2999877929688</ele></trkpt><trkpt lat="47.301356200594455" lon="8.686949058435857"><ele>556.0</ele></trkpt><trkpt lat="47.3012720476836" lon="8.686994696967304"><ele>555.8999938964844</ele></trkpt><trkpt lat="47.301211420446634" lon="8.687027661129832"><ele>555.5999755859375</ele></trkpt><trkpt lat="47.30112141557038" lon="8.68703216779977"><ele>555.6999816894531</ele></trkpt><trkpt lat="47.301031411159784" lon="8.68703667446971"><ele>555.6999816894531</ele></trkpt><trkpt lat="47.30094140628353" lon="8.687041181139648"><ele>555.5999755859375</ele></trkpt><trkpt lat="47.30085140187293" lon="8.687045687809587"><ele>555.5</ele></trkpt><trkpt lat="47.30076229618862" lon="8.687050215434283"><ele>555.1999816894531</ele></trkpt><trkpt lat="47.30066239880398" lon="8.687054490670562"><ele>555.0</ele></trkpt><trkpt lat="47.300576561596245" lon="8.687089509796351"><ele>554.5999755859375</ele></trkpt><trkpt lat="47.30044645676389" lon="8.687142006121576"><ele>554.0999755859375</ele></trkpt><trkpt lat="47.30039045261219" lon="8.687246486544609"><ele>553.5999755859375</ele></trkpt><trkpt lat="47.30033446243033" lon="8.687349644489586"><ele>553.2999877929688</ele></trkpt><trkpt lat="47.30027110595256" lon="8.687468498945236"><ele>552.8999938964844</ele></trkpt><trkpt lat="47.30016189813614" lon="8.687584957107902"><ele>552.7999877929688</ele></trkpt><trkpt lat="47.30013629235327" lon="8.687457410153002"><ele>553.2999877929688</ele></trkpt><trkpt lat="47.30011247098446" lon="8.687331227120012"><ele>553.8999938964844</ele></trkpt><trkpt lat="47.30008596600965" lon="8.687203659210354"><ele>554.6999816894531</ele></trkpt><trkpt lat="47.300050997175276" lon="8.687026965431869"><ele>555.3999938964844</ele></trkpt><trkpt lat="47.29996176296845" lon="8.687043391633779"><ele>555.7999877929688</ele></trkpt><trkpt lat="47.29987342795357" lon="8.687059838790447"><ele>556.0</ele></trkpt><trkpt lat="47.2997832945548" lon="8.687076243571937"><ele>556.1999816894531</ele></trkpt><trkpt lat="47.299694074783474" lon="8.687091347295791"><ele>556.2999877929688</ele></trkpt><trkpt lat="47.29960032971576" lon="8.687108989804983"><ele>556.2999877929688</ele></trkpt><trkpt lat="47.299510296434164" lon="8.687116140499711"><ele>556.2999877929688</ele></trkpt><trkpt lat="47.29942027758807" lon="8.687121968716383"><ele>556.1999816894531</ele></trkpt><trkpt lat="47.29933114349842" lon="8.687129140365869"><ele>556.0999755859375</ele></trkpt><trkpt lat="47.299241110216826" lon="8.687136290594935"><ele>556.0</ele></trkpt><trkpt lat="47.29915107646957" lon="8.687143440824002"><ele>555.7999877929688</ele></trkpt><trkpt lat="47.299061057623476" lon="8.687149269506335"><ele>555.7999877929688</ele></trkpt><trkpt lat="47.29897192353383" lon="8.68715644069016"><ele>555.6999816894531</ele></trkpt><trkpt lat="47.29888189025223" lon="8.687163590919226"><ele>555.5999755859375</ele></trkpt><trkpt lat="47.29879187140614" lon="8.687169419135898"><ele>555.5</ele></trkpt><trkpt lat="47.298664023168385" lon="8.687179652042687"><ele>555.3999938964844</ele></trkpt><trkpt lat="47.2985748029314" lon="8.68719475530088"><ele>555.2999877929688</ele></trkpt><trkpt lat="47.29848648235202" lon="8.68720987951383"><ele>555.1999816894531</ele></trkpt><trkpt lat="47.29839547816664" lon="8.68722361838445"><ele>555.0999755859375</ele></trkpt><trkpt lat="47.298306258395314" lon="8.687238721642643"><ele>554.8999938964844</ele></trkpt><trkpt lat="47.29821703862399" lon="8.687253824435174"><ele>554.7999877929688</ele></trkpt><trkpt lat="47.298127818387" lon="8.687268927693367"><ele>554.6999816894531</ele></trkpt><trkpt lat="47.29803951224312" lon="8.687282729893923"><ele>554.5999755859375</ele></trkpt><trkpt lat="47.29794939281419" lon="8.687297811731696"><ele>554.3999938964844</ele></trkpt><trkpt lat="47.29785927385092" lon="8.68731289356947"><ele>554.2999877929688</ele></trkpt><trkpt lat="47.2977538369596" lon="8.687330261338502"><ele>554.1999816894531</ele></trkpt><trkpt lat="47.297672281973064" lon="8.687385213095695"><ele>554.1999816894531</ele></trkpt><trkpt lat="47.297599805518985" lon="8.68743244279176"><ele>554.0999755859375</ele></trkpt><trkpt lat="47.297490454278886" lon="8.687562115490437"><ele>553.8999938964844</ele></trkpt><trkpt lat="47.29743002448231" lon="8.687659874558449"><ele>553.7999877929688</ele></trkpt><trkpt lat="47.29737049434334" lon="8.687757654581219"><ele>553.6999816894531</ele></trkpt><trkpt lat="47.29730916488916" lon="8.68785539176315"><ele>553.5999755859375</ele></trkpt><trkpt lat="47.29724783543497" lon="8.687953129410744"><ele>553.2999877929688</ele></trkpt><trkpt lat="47.2971874056384" lon="8.688050887547433"><ele>552.7999877929688</ele></trkpt><trkpt lat="47.29712697537616" lon="8.688148645218462"><ele>552.2999877929688</ele></trkpt><trkpt lat="47.297078451607376" lon="8.68822684744373"><ele>552.0999755859375</ele></trkpt><trkpt lat="47.29699905542657" lon="8.688165485393256"><ele>552.7999877929688</ele></trkpt><trkpt lat="47.29688217444345" lon="8.688076800201088"><ele>554.0</ele></trkpt><trkpt lat="47.29676540475339" lon="8.688060843851417"><ele>555.3999938964844</ele></trkpt><trkpt lat="47.29667701246217" lon="8.688082576263696"><ele>556.5</ele></trkpt><trkpt lat="47.296587735414505" lon="8.688102965708822"><ele>557.5</ele></trkpt><trkpt lat="47.29651287617162" lon="8.688121047336608"><ele>558.3999938964844</ele></trkpt><trkpt lat="47.296426995657384" lon="8.68816002830863"><ele>559.1999816894531</ele></trkpt><trkpt lat="47.29634111560881" lon="8.68819900834933"><ele>559.7999877929688</ele></trkpt><trkpt lat="47.29625523509458" lon="8.68823798885569"><ele>560.3999938964844</ele></trkpt><trkpt lat="47.29616935458034" lon="8.688276968896389"><ele>560.8999938964844</ele></trkpt><trkpt lat="47.29608347406611" lon="8.688315948937088"><ele>561.3999938964844</ele></trkpt><trkpt lat="47.29599849274382" lon="8.688354949466884"><ele>561.8999938964844</ele></trkpt><trkpt lat="47.295910813845694" lon="8.688393887132406"><ele>562.3999938964844</ele></trkpt><trkpt lat="47.29582493333146" lon="8.688432866707444"><ele>562.8999938964844</ele></trkpt><trkpt lat="47.29570831777528" lon="8.688485671766102"><ele>563.5</ele></trkpt><trkpt lat="47.29568812344223" lon="8.688356939237565"><ele>565.0</ele></trkpt><trkpt lat="47.29566882876679" lon="8.688228228129447"><ele>567.0</ele></trkpt><trkpt lat="47.29564953409135" lon="8.688099517021328"><ele>569.0999755859375</ele></trkpt><trkpt lat="47.295624258928" lon="8.687941576354206"><ele>571.3999938964844</ele></trkpt><trkpt lat="47.295567804481834" lon="8.687838441226631"><ele>573.5999755859375</ele></trkpt><trkpt lat="47.29551043687388" lon="8.687736607156694"><ele>575.6999816894531</ele></trkpt><trkpt lat="47.29543897975236" lon="8.687606676016003"><ele>577.5</ele></trkpt><trkpt lat="47.295374302659184" lon="8.687515249475837"><ele>578.8999938964844</ele></trkpt><trkpt lat="47.29531053872779" lon="8.687422521878034"><ele>580.1999816894531</ele></trkpt><trkpt lat="47.295244961511344" lon="8.687331074848771"><ele>581.5</ele></trkpt><trkpt lat="47.295164339244366" lon="8.687216797377914"><ele>582.8999938964844</ele></trkpt><trkpt lat="47.295081231277436" lon="8.687165930401534"><ele>584.3999938964844</ele></trkpt><trkpt lat="47.294998108875006" lon="8.687116385437548"><ele>585.8999938964844</ele></trkpt><trkpt lat="47.294915000442415" lon="8.687065518926829"><ele>587.2999877929688</ele></trkpt><trkpt lat="47.294831878039986" lon="8.687015973962843"><ele>588.7999877929688</ele></trkpt><trkpt lat="47.294831878039986" lon="8.687015973962843"><ele>588.7999877929688</ele></trkpt><trkpt lat="47.294748770073056" lon="8.686965107452124"><ele>590.3999938964844</ele></trkpt><trkpt lat="47.294619182590395" lon="8.686886709649116"><ele>592.0</ele></trkpt><trkpt lat="47.29454441135749" lon="8.686813560314476"><ele>593.0999755859375</ele></trkpt><trkpt lat="47.294470539782196" lon="8.686740432400256"><ele>593.6999816894531</ele></trkpt><trkpt lat="47.294394883327186" lon="8.686665940564126"><ele>594.2999877929688</ele></trkpt><trkpt lat="47.29434325126931" lon="8.686615811195225"><ele>595.0</ele></trkpt><trkpt lat="47.29428679589182" lon="8.68651267979294"><ele>595.8999938964844</ele></trkpt><trkpt lat="47.29423123970628" lon="8.686409569345415"><ele>597.1999816894531</ele></trkpt><trkpt lat="47.29417656827718" lon="8.686307802330703"><ele>598.6999816894531</ele></trkpt><trkpt lat="47.29413284594193" lon="8.68619174696505"><ele>600.3999938964844</ele></trkpt><trkpt lat="47.29409002326429" lon="8.686075712554157"><ele>602.1999816894531</ele></trkpt><trkpt lat="47.29404630092904" lon="8.685959657654166"><ele>604.3999938964844</ele></trkpt><trkpt lat="47.294003477785736" lon="8.685843624174595"><ele>606.2999877929688</ele></trkpt><trkpt lat="47.29396155383438" lon="8.685727611649781"><ele>607.6999816894531</ele></trkpt><trkpt lat="47.29391783103347" lon="8.685611556749791"><ele>608.8999938964844</ele></trkpt><trkpt lat="47.29387410823256" lon="8.685495502315462"><ele>609.8999938964844</ele></trkpt><trkpt lat="47.29383128462359" lon="8.685379469301552"><ele>610.8999938964844</ele></trkpt><trkpt lat="47.29379982315004" lon="8.685294112656265"><ele>611.5999755859375</ele></trkpt><trkpt lat="47.293854211922735" lon="8.68525571655482"><ele>612.1999816894531</ele></trkpt><trkpt lat="47.29386193631217" lon="8.685123675037175"><ele>613.3999938964844</ele></trkpt><trkpt lat="47.29387054592371" lon="8.684992976952344"><ele>615.0999755859375</ele></trkpt><trkpt lat="47.29387737065554" lon="8.684860914479941"><ele>616.6999816894531</ele></trkpt><trkpt lat="47.29388719378039" lon="8.684701155405492"><ele>618.3999938964844</ele></trkpt><trkpt lat="47.293906580191106" lon="8.68457203079015"><ele>619.7999877929688</ele></trkpt><trkpt lat="47.29392416821793" lon="8.684442863799632"><ele>621.1999816894531</ele></trkpt><trkpt lat="47.29394356859848" lon="8.684312416706234"><ele>622.5999755859375</ele></trkpt><trkpt lat="47.293960256967694" lon="8.684183228760958"><ele>624.1999816894531</ele></trkpt><trkpt lat="47.2939787437208" lon="8.684054082725197"><ele>625.6999816894531</ele></trkpt><trkpt lat="47.293997230473906" lon="8.683924936689436"><ele>627.2999877929688</ele></trkpt><trkpt lat="47.29402442462742" lon="8.6837391378358"><ele>629.0</ele></trkpt><trkpt lat="47.29404917778447" lon="8.683612782042474"><ele>630.6999816894531</ele></trkpt><trkpt lat="47.29407484410331" lon="8.68348512519151"><ele>632.3999938964844</ele></trkpt><trkpt lat="47.2941004964523" lon="8.68335879035294"><ele>634.0</ele></trkpt><trkpt lat="47.29411949636415" lon="8.683265355415642"><ele>635.5</ele></trkpt><trkpt lat="47.29415319953114" lon="8.683143174741417"><ele>637.2999877929688</ele></trkpt><trkpt lat="47.294187801890075" lon="8.683021014556289"><ele>639.2999877929688</ele></trkpt><trkpt lat="47.294230797328055" lon="8.682871283497661"><ele>641.1999816894531</ele></trkpt><trkpt lat="47.29428946739063" lon="8.682769517414272"><ele>642.8999938964844</ele></trkpt><trkpt lat="47.29434633906931" lon="8.682667708955705"><ele>644.2999877929688</ele></trkpt><trkpt lat="47.294403195846826" lon="8.682567222509533"><ele>645.5</ele></trkpt><trkpt lat="47.29446096625179" lon="8.682465435005724"><ele>646.8999938964844</ele></trkpt><trkpt lat="47.294518736656755" lon="8.682363647036254"><ele>648.3999938964844</ele></trkpt><trkpt lat="47.294577406253666" lon="8.682261880021542"><ele>650.1999816894531</ele></trkpt><trkpt lat="47.2946535195224" lon="8.68212746316567"><ele>652.1999816894531</ele></trkpt><trkpt lat="47.294527283869684" lon="8.68207163317129"><ele>653.6999816894531</ele></trkpt><trkpt lat="47.294440591707826" lon="8.68210266949609"><ele>654.3999938964844</ele></trkpt><trkpt lat="47.294352115131915" lon="8.682132341898978"><ele>654.7999877929688</ele></trkpt><trkpt lat="47.29426542297006" lon="8.682163378223777"><ele>655.6999816894531</ele></trkpt><trkpt lat="47.294176931958646" lon="8.68219437263906"><ele>656.5999755859375</ele></trkpt><trkpt lat="47.29408935457468" lon="8.682224065996706"><ele>657.3999938964844</ele></trkpt><trkpt lat="47.294031555298716" lon="8.682245197240263"><ele>658.1999816894531</ele></trkpt><trkpt lat="47.293953485786915" lon="8.682310811709613"><ele>659.0999755859375</ele></trkpt><trkpt lat="47.293875416275114" lon="8.682376426178962"><ele>660.0</ele></trkpt><trkpt lat="47.293796447105706" lon="8.682442019227892"><ele>661.0</ele></trkpt><trkpt lat="47.293718363158405" lon="8.682508955243975"><ele>662.0</ele></trkpt><trkpt lat="47.29364937264472" lon="8.682566847186536"><ele>662.7999877929688</ele></trkpt><trkpt lat="47.29354145284742" lon="8.682564332615584"><ele>663.5999755859375</ele></trkpt><trkpt lat="47.2934253946878" lon="8.682482295203954"><ele>663.8999938964844</ele></trkpt><trkpt lat="47.29337621526793" lon="8.682371406350285"><ele>663.7999877929688</ele></trkpt><trkpt lat="47.293311189860106" lon="8.68222841527313"><ele>663.6999816894531</ele></trkpt><trkpt lat="47.29326636577025" lon="8.68221414880827"><ele>663.5</ele></trkpt><trkpt lat="47.29318658309057" lon="8.682271789293736"><ele>663.5999755859375</ele></trkpt><trkpt lat="47.29308507358655" lon="8.682342145126313"><ele>664.0999755859375</ele></trkpt><trkpt lat="47.29302730364725" lon="8.682443930767477"><ele>664.5999755859375</ele></trkpt><trkpt lat="47.29297043289989" lon="8.682545736897737"><ele>665.0</ele></trkpt><trkpt lat="47.29291177773848" lon="8.682646179106086"><ele>665.6999816894531</ele></trkpt><trkpt lat="47.292854906991124" lon="8.682747985236347"><ele>666.5</ele></trkpt><trkpt lat="47.29279713658616" lon="8.682849769946188"><ele>667.2999877929688</ele></trkpt><trkpt lat="47.292737524956465" lon="8.682955477852374"><ele>667.8999938964844</ele></trkpt><trkpt lat="47.292652474250644" lon="8.68300109449774"><ele>668.5</ele></trkpt><trkpt lat="47.29254752397537" lon="8.683056823909283"><ele>669.0</ele></trkpt><trkpt lat="47.292457519099116" lon="8.683061336632818"><ele>669.2999877929688</ele></trkpt><trkpt lat="47.29236752865836" lon="8.683064527343959"><ele>669.2999877929688</ele></trkpt><trkpt lat="47.292277524247766" lon="8.683069040067494"><ele>669.1999816894531</ele></trkpt><trkpt lat="47.29215153167024" lon="8.683074036147445"><ele>669.2999877929688</ele></trkpt><trkpt lat="47.2920692646876" lon="8.683111783582717"><ele>669.5999755859375</ele></trkpt><trkpt lat="47.29200706863776" lon="8.683206852059811"><ele>669.8999938964844</ele></trkpt><trkpt lat="47.29195035388693" lon="8.683294115122408"><ele>670.1999816894531</ele></trkpt><trkpt lat="47.291904574260116" lon="8.68345170840621"><ele>670.3999938964844</ele></trkpt><trkpt lat="47.291902248281986" lon="8.68358387099579"><ele>670.3999938964844</ele></trkpt><trkpt lat="47.29190082103014" lon="8.683716055005789"><ele>670.3999938964844</ele></trkpt><trkpt lat="47.291899393778294" lon="8.683848238550127"><ele>670.3999938964844</ele></trkpt><trkpt lat="47.29189796652645" lon="8.683980422560126"><ele>670.1999816894531</ele></trkpt><trkpt lat="47.29189658118412" lon="8.684191937092692"><ele>669.8999938964844</ele></trkpt><trkpt lat="47.291877838317305" lon="8.684178278315812"><ele>669.6999816894531</ele></trkpt><trkpt lat="47.291833413764834" lon="8.684293592348695"><ele>669.5</ele></trkpt><trkpt lat="47.2917890031822" lon="8.684407584834844"><ele>669.0999755859375</ele></trkpt><trkpt lat="47.29174547782168" lon="8.684522919356823"><ele>668.6999816894531</ele></trkpt><trkpt lat="47.2917001536116" lon="8.684638211969286"><ele>668.5999755859375</ele></trkpt><trkpt lat="47.29166499339044" lon="8.68472862103954"><ele>668.3999938964844</ele></trkpt><trkpt lat="47.29160458035767" lon="8.684825050644577"><ele>668.0999755859375</ele></trkpt><trkpt lat="47.29154236847535" lon="8.684921438340098"><ele>667.6999816894531</ele></trkpt><trkpt lat="47.29149111965671" lon="8.685002215672284"><ele>667.5</ele></trkpt><trkpt lat="47.29149111965671" lon="8.685002215672284"><ele>667.5</ele></trkpt><trkpt lat="47.2913649273105" lon="8.68502571247518"><ele>667.6999816894531</ele></trkpt><trkpt lat="47.291231498122215" lon="8.684969710651785"><ele>668.6999816894531</ele></trkpt><trkpt lat="47.291159495245665" lon="8.68489002296701"><ele>670.0</ele></trkpt><trkpt lat="47.291087492369115" lon="8.684810335282236"><ele>671.2999877929688</ele></trkpt><trkpt lat="47.291015489492565" lon="8.684730647597462"><ele>672.3999938964844</ele></trkpt><trkpt lat="47.290963942185044" lon="8.68467259220779"><ele>673.3999938964844</ele></trkpt><trkpt lat="47.29087704978883" lon="8.684638832695782"><ele>674.2999877929688</ele></trkpt><trkpt lat="47.29082152014598" lon="8.684616382233799"><ele>675.0999755859375</ele></trkpt><trkpt lat="47.29073150083423" lon="8.68462221417576"><ele>675.8999938964844</ele></trkpt><trkpt lat="47.29064149642363" lon="8.684626724105328"><ele>676.6999816894531</ele></trkpt><trkpt lat="47.29050646768883" lon="8.684635472018272"><ele>677.5</ele></trkpt><trkpt lat="47.29041632032022" lon="8.68465319974348"><ele>678.2999877929688</ele></trkpt><trkpt lat="47.290327086579055" lon="8.684669626876712"><ele>679.0999755859375</ele></trkpt><trkpt lat="47.29023783840239" lon="8.684687376022339"><ele>680.0</ele></trkpt><trkpt lat="47.29014950385317" lon="8.68470382411033"><ele>680.8999938964844</ele></trkpt><trkpt lat="47.29005935648456" lon="8.684721551835537"><ele>681.5</ele></trkpt><trkpt lat="47.28997010784224" lon="8.684739300049841"><ele>681.7999877929688</ele></trkpt><trkpt lat="47.28988177329302" lon="8.684755748137832"><ele>682.0999755859375</ele></trkpt><trkpt lat="47.2897934243083" lon="8.684773517306894"><ele>682.3999938964844</ele></trkpt><trkpt lat="47.28971229866147" lon="8.684788811020553"><ele>682.5999755859375</ele></trkpt><trkpt lat="47.28962236549705" lon="8.68478671181947"><ele>682.8999938964844</ele></trkpt><trkpt lat="47.289532431866974" lon="8.684784612618387"><ele>683.5</ele></trkpt><trkpt lat="47.28938943799585" lon="8.68478127475828"><ele>684.5</ele></trkpt><trkpt lat="47.28929874813184" lon="8.684765936806798"><ele>685.5999755859375</ele></trkpt><trkpt lat="47.289209843147546" lon="8.684751962777227"><ele>686.5999755859375</ele></trkpt><trkpt lat="47.28912005247548" lon="8.684736645780504"><ele>687.5999755859375</ele></trkpt><trkpt lat="47.289031161461025" lon="8.6847213502042"><ele>688.5999755859375</ele></trkpt><trkpt lat="47.28894135681912" lon="8.68470735521987"><ele>689.5</ele></trkpt><trkpt lat="47.28883180953562" lon="8.684688933193684"><ele>690.3999938964844</ele></trkpt><trkpt lat="47.288743503857404" lon="8.684702737256885"><ele>691.6999816894531</ele></trkpt><trkpt lat="47.288652499672025" lon="8.684716478455812"><ele>693.0999755859375</ele></trkpt><trkpt lat="47.2885632943362" lon="8.684730261564255"><ele>693.8999938964844</ele></trkpt><trkpt lat="47.288474089000374" lon="8.684744044207036"><ele>694.2999877929688</ele></trkpt><trkpt lat="47.28838488366455" lon="8.684757826849818"><ele>694.2999877929688</ele></trkpt><trkpt lat="47.288294778671116" lon="8.684771588537842"><ele>694.3999938964844</ele></trkpt><trkpt lat="47.288206472527236" lon="8.684785392135382"><ele>694.7999877929688</ele></trkpt><trkpt lat="47.2881163675338" lon="8.684799153823406"><ele>694.7999877929688</ele></trkpt><trkpt lat="47.28802716219798" lon="8.684812936466187"><ele>694.7999877929688</ele></trkpt><trkpt lat="47.28793975524604" lon="8.684826761018485"><ele>695.1999816894531</ele></trkpt><trkpt lat="47.2878498788923" lon="8.684819374699146"><ele>695.5999755859375</ele></trkpt><trkpt lat="47.28776001697406" lon="8.684810666833073"><ele>696.0</ele></trkpt><trkpt lat="47.28767014062032" lon="8.684803280513734"><ele>696.5</ele></trkpt><trkpt lat="47.28758026473224" lon="8.684795894194394"><ele>697.0</ele></trkpt><trkpt lat="47.287490402814" lon="8.684787186328322"><ele>697.5</ele></trkpt><trkpt lat="47.287401425652206" lon="8.684779821429402"><ele>697.8999938964844</ele></trkpt><trkpt lat="47.28732054261491" lon="8.684772645123303"><ele>698.2999877929688</ele></trkpt><trkpt lat="47.287231808528304" lon="8.684742810670286"><ele>698.7999877929688</ele></trkpt><trkpt lat="47.287144873291254" lon="8.684713018592447"><ele>699.1999816894531</ele></trkpt><trkpt lat="47.2870570383966" lon="8.68468320555985"><ele>699.5999755859375</ele></trkpt><trkpt lat="47.28696921793744" lon="8.684652070514858"><ele>700.0999755859375</ele></trkpt><trkpt lat="47.28688138304278" lon="8.68462225748226"><ele>700.8999938964844</ele></trkpt><trkpt lat="47.28679444780573" lon="8.684592465870082"><ele>701.8999938964844</ele></trkpt><trkpt lat="47.28665642160922" lon="8.684545617550611"><ele>703.0</ele></trkpt><trkpt lat="47.28657331224531" lon="8.684494762681425"><ele>704.0</ele></trkpt><trkpt lat="47.286490202415735" lon="8.684443907812238"><ele>704.8999938964844</ele></trkpt><trkpt lat="47.28640709305182" lon="8.684393053408712"><ele>705.6999816894531</ele></trkpt><trkpt lat="47.28632489684969" lon="8.68434089794755"><ele>706.5999755859375</ele></trkpt><trkpt lat="47.28624178702012" lon="8.684290044009686"><ele>707.3999938964844</ele></trkpt><trkpt lat="47.28615957684815" lon="8.684239210560918"><ele>708.1999816894531</ele></trkpt><trkpt lat="47.286076467018574" lon="8.684188356623054"><ele>709.1999816894531</ele></trkpt><trkpt lat="47.285992457997054" lon="8.684137482196093"><ele>710.0999755859375</ele></trkpt><trkpt lat="47.28589684329927" lon="8.684078404679894"><ele>711.1999816894531</ele></trkpt><trkpt lat="47.28581092134118" lon="8.684038061648607"><ele>712.2999877929688</ele></trkpt><trkpt lat="47.28572589857504" lon="8.68399774003774"><ele>713.3999938964844</ele></trkpt><trkpt lat="47.28563999105245" lon="8.68395607592538"><ele>714.5</ele></trkpt><trkpt lat="47.28555406909436" lon="8.683915733359754"><ele>715.5999755859375</ele></trkpt><trkpt lat="47.28546904632822" lon="8.683875411748886"><ele>716.6999816894531</ele></trkpt><trkpt lat="47.285368806216866" lon="8.683828125707805"><ele>717.6999816894531</ele></trkpt><trkpt lat="47.28536393819377" lon="8.683695811312646"><ele>718.6999816894531</ele></trkpt><trkpt lat="47.285358156543225" lon="8.683564797975123"><ele>719.6999816894531</ele></trkpt><trkpt lat="47.28535328852013" lon="8.683432484045625"><ele>720.7999877929688</ele></trkpt><trkpt lat="47.28534842003137" lon="8.683300169650465"><ele>721.7999877929688</ele></trkpt><trkpt lat="47.28534143837169" lon="8.68311360385269"><ele>722.3999938964844</ele></trkpt><trkpt lat="47.28542941622436" lon="8.68313019676134"><ele>722.6999816894531</ele></trkpt><trkpt lat="47.285519192926586" lon="8.683146832045168"><ele>722.8999938964844</ele></trkpt><trkpt lat="47.28560805646703" lon="8.68316476745531"><ele>723.3999938964844</ele></trkpt><trkpt lat="47.285696933511645" lon="8.68318138178438"><ele>723.8999938964844</ele></trkpt><trkpt lat="47.28578760987148" lon="8.683198038022965"><ele>724.0999755859375</ele></trkpt><trkpt lat="47.285876486916095" lon="8.683214651886374"><ele>723.5999755859375</ele></trkpt><trkpt lat="47.28597792610526" lon="8.683234203141183"><ele>722.8999938964844</ele></trkpt><trkpt lat="47.28606713144109" lon="8.683220418170094"><ele>722.5999755859375</ele></trkpt><trkpt lat="47.28615723643452" lon="8.683206654619426"><ele>722.5</ele></trkpt><trkpt lat="47.286246441770345" lon="8.683192869648337"><ele>722.5</ele></trkpt><trkpt lat="47.28633653232828" lon="8.683180427644402"><ele>722.5</ele></trkpt><trkpt lat="47.28642483847216" lon="8.683166622184217"><ele>722.6999816894531</ele></trkpt><trkpt lat="47.28651494299993" lon="8.683152858167887"><ele>723.0999755859375</ele></trkpt><trkpt lat="47.286604148335755" lon="8.683139073196799"><ele>723.5</ele></trkpt><trkpt lat="47.28669335413724" lon="8.68312528822571"><ele>723.8999938964844</ele></trkpt><trkpt lat="47.28678345866501" lon="8.68311152420938"><ele>724.3999938964844</ele></trkpt><trkpt lat="47.286873549222946" lon="8.683099082205445"><ele>725.0999755859375</ele></trkpt><trkpt lat="47.286960056982934" lon="8.683085234370083"><ele>725.8999938964844</ele></trkpt><trkpt lat="47.28704853449017" lon="8.68305556755513"><ele>726.6999816894531</ele></trkpt><trkpt lat="47.28704853449017" lon="8.68305556755513"><ele>726.6999816894531</ele></trkpt><trkpt lat="47.28713522711769" lon="8.683024537283927"><ele>727.5</ele></trkpt><trkpt lat="47.28724898584187" lon="8.68298620544374"><ele>728.0999755859375</ele></trkpt><trkpt lat="47.28733399417251" lon="8.68294455902651"><ele>728.5999755859375</ele></trkpt><trkpt lat="47.2874199161306" lon="8.682901612017304"><ele>729.2999877929688</ele></trkpt><trkpt lat="47.287504924461246" lon="8.682859965600073"><ele>730.3999938964844</ele></trkpt><trkpt lat="47.28758994722739" lon="8.682816997170448"><ele>732.0</ele></trkpt><trkpt lat="47.28767495555803" lon="8.682775350753218"><ele>733.7999877929688</ele></trkpt><trkpt lat="47.28776086354628" lon="8.682733724825084"><ele>735.8999938964844</ele></trkpt><trkpt lat="47.287845886312425" lon="8.68269075639546"><ele>738.0</ele></trkpt><trkpt lat="47.287963456474245" lon="8.682632680982351"><ele>739.5</ele></trkpt><trkpt lat="47.287937831133604" lon="8.682506487239152"><ele>740.0</ele></trkpt><trkpt lat="47.2879122197628" lon="8.682378971483558"><ele>740.0999755859375</ele></trkpt><trkpt lat="47.287887493148446" lon="8.682252798695117"><ele>740.1999816894531</ele></trkpt><trkpt lat="47.28786098212004" lon="8.682125262450427"><ele>740.5999755859375</ele></trkpt><trkpt lat="47.287835356313735" lon="8.681999069172889"><ele>741.0</ele></trkpt><trkpt lat="47.28780973050743" lon="8.681872875895351"><ele>741.3999938964844</ele></trkpt><trkpt lat="47.28778411820531" lon="8.68174536107108"><ele>742.0</ele></trkpt><trkpt lat="47.287758491933346" lon="8.681619167793542"><ele>742.5</ele></trkpt><trkpt lat="47.28773286566138" lon="8.681492974981666"><ele>743.0999755859375</ele></trkpt><trkpt lat="47.28770725335926" lon="8.681365460623056"><ele>743.7999877929688</ele></trkpt><trkpt lat="47.28767307475209" lon="8.68119808472693"><ele>744.2999877929688</ele></trkpt><trkpt lat="47.287621167488396" lon="8.68108978960663"><ele>744.5</ele></trkpt><trkpt lat="47.287570159416646" lon="8.680981514975429"><ele>744.3999938964844</ele></trkpt><trkpt lat="47.28751825215295" lon="8.680873220320791"><ele>744.3999938964844</ele></trkpt><trkpt lat="47.2874672440812" lon="8.680764946620911"><ele>744.5999755859375</ele></trkpt><trkpt lat="47.28741535078734" lon="8.68065533041954"><ele>744.2999877929688</ele></trkpt><trkpt lat="47.28736434224993" lon="8.68054705671966"><ele>743.5999755859375</ele></trkpt><trkpt lat="47.28728605201468" lon="8.680382622405887"><ele>742.6999816894531</ele></trkpt><trkpt lat="47.2872712588869" lon="8.680252716876566"><ele>742.2999877929688</ele></trkpt><trkpt lat="47.28725320985541" lon="8.680091006681323"><ele>742.8999938964844</ele></trkpt><trkpt lat="47.28733042208478" lon="8.680021411273628"><ele>744.3999938964844</ele></trkpt><trkpt lat="47.28740762034431" lon="8.679953137878329"><ele>746.3999938964844</ele></trkpt><trkpt lat="47.28748303372413" lon="8.679883500561118"><ele>748.5999755859375</ele></trkpt><trkpt lat="47.287552980240434" lon="8.67982034618035"><ele>750.7999877929688</ele></trkpt><trkpt lat="47.28762620780617" lon="8.679703063331544"><ele>753.0</ele></trkpt><trkpt lat="47.28765095677227" lon="8.679576721042395"><ele>755.0</ele></trkpt><trkpt lat="47.287677518092096" lon="8.679449098184705"><ele>756.3999938964844</ele></trkpt><trkpt lat="47.287711842916906" lon="8.679268773179501"><ele>757.1999816894531</ele></trkpt><trkpt lat="47.28773044468835" lon="8.679295646958053"><ele>757.5</ele></trkpt><trkpt lat="47.287711842916906" lon="8.679268773179501"><ele>757.1999816894531</ele></trkpt><trkpt lat="47.28772674081847" lon="8.679138235282153"><ele>757.5999755859375</ele></trkpt><trkpt lat="47.28774253791198" lon="8.679007717873901"><ele>757.8999938964844</ele></trkpt><trkpt lat="47.28775653615594" lon="8.678877158556134"><ele>758.2999877929688</ele></trkpt><trkpt lat="47.28777143359184" lon="8.678746620193124"><ele>758.8999938964844</ele></trkpt><trkpt lat="47.2877854318358" lon="8.678616060875356"><ele>759.7999877929688</ele></trkpt><trkpt lat="47.287800314836204" lon="8.67848684405908"><ele>760.6999816894531</ele></trkpt><trkpt lat="47.28781130211428" lon="8.678385300096124"><ele>761.7999877929688</ele></trkpt><trkpt lat="47.28783874725923" lon="8.678259019274265"><ele>763.2999877929688</ele></trkpt><trkpt lat="47.287865293212235" lon="8.678132717031986"><ele>765.0999755859375</ele></trkpt><trkpt lat="47.287892737891525" lon="8.678006436210126"><ele>767.0</ele></trkpt><trkpt lat="47.28791926940903" lon="8.67788145551458"><ele>768.5999755859375</ele></trkpt><trkpt lat="47.28794388798997" lon="8.67776700714603"><ele>770.0</ele></trkpt><trkpt lat="47.28799926908687" lon="8.677636085543782"><ele>771.2999877929688</ele></trkpt><trkpt lat="47.288061474915594" lon="8.677539696451277"><ele>772.5999755859375</ele></trkpt><trkpt lat="47.288122781552374" lon="8.677443285938352"><ele>774.0</ele></trkpt><trkpt lat="47.28818226093426" lon="8.677349476609379"><ele>775.5999755859375</ele></trkpt><trkpt lat="47.28827212424949" lon="8.677358172368258"><ele>777.3999938964844</ele></trkpt><trkpt lat="47.288379973731935" lon="8.677367285825312"><ele>779.1999816894531</ele></trkpt><trkpt lat="47.288479327224195" lon="8.67732992907986"><ele>781.0999755859375</ele></trkpt><trkpt lat="47.28856002166867" lon="8.677270985674113"><ele>782.8999938964844</ele></trkpt><trkpt lat="47.28863983089104" lon="8.677210699766874"><ele>784.5999755859375</ele></trkpt><trkpt lat="47.288721424527466" lon="8.677151776850224"><ele>785.8999938964844</ele></trkpt><trkpt lat="47.28880032012239" lon="8.67709279153496"><ele>787.1999816894531</ele></trkpt><trkpt lat="47.28888102853671" lon="8.677032525651157"><ele>789.0999755859375</ele></trkpt><trkpt lat="47.28896262217313" lon="8.676973602268845"><ele>791.0</ele></trkpt><trkpt lat="47.289069624152035" lon="8.676894114818424"><ele>792.3999938964844</ele></trkpt><trkpt lat="47.28912026574835" lon="8.676785555202514"><ele>793.3999938964844</ele></trkpt><trkpt lat="47.28918833518401" lon="8.676645669620484"><ele>794.5</ele></trkpt><trkpt lat="47.28914422029629" lon="8.676565320696682"><ele>795.7999877929688</ele></trkpt><trkpt lat="47.289056341163814" lon="8.6765394853428"><ele>797.5</ele></trkpt><trkpt lat="47.28896847600117" lon="8.676512327976525"><ele>799.0</ele></trkpt><trkpt lat="47.288880596868694" lon="8.676486492622644"><ele>799.6999816894531</ele></trkpt><trkpt lat="47.28875954076648" lon="8.676450633443892"><ele>799.5</ele></trkpt><trkpt lat="47.288724560756236" lon="8.676357275806367"><ele>798.7999877929688</ele></trkpt><trkpt lat="47.288724795915186" lon="8.676251514349133"><ele>798.6999816894531</ele></trkpt><trkpt lat="47.288769212551415" lon="8.676136199850589"><ele>799.1999816894531</ele></trkpt><trkpt lat="47.28881362918764" lon="8.676020885817707"><ele>799.5</ele></trkpt><trkpt lat="47.288857146166265" lon="8.675905549898744"><ele>799.5</ele></trkpt><trkpt lat="47.28890246152878" lon="8.675790256354958"><ele>799.5999755859375</ele></trkpt><trkpt lat="47.28894507884979" lon="8.675674899481237"><ele>799.5</ele></trkpt><trkpt lat="47.28898948058486" lon="8.675560906063765"><ele>799.3999938964844</ele></trkpt><trkpt lat="47.28902095090598" lon="8.675478342920542"><ele>799.1999816894531</ele></trkpt><trkpt lat="47.28908137045801" lon="8.675380585249513"><ele>798.8999938964844</ele></trkpt><trkpt lat="47.289141790010035" lon="8.675282827578485"><ele>798.5999755859375</ele></trkpt><trkpt lat="47.28920310828835" lon="8.675185090396553"><ele>798.3999938964844</ele></trkpt><trkpt lat="47.28926442703232" lon="8.675087353214622"><ele>798.3999938964844</ele></trkpt><trkpt lat="47.28932394646108" lon="8.674989573657513"><ele>798.2999877929688</ele></trkpt><trkpt lat="47.289368793834" lon="8.674917896743864"><ele>798.3999938964844</ele></trkpt><trkpt lat="47.28947784751654" lon="8.674814653582871"><ele>798.6999816894531</ele></trkpt><trkpt lat="47.289568638429046" lon="8.674820722546428"><ele>799.5</ele></trkpt><trkpt lat="47.28965852968395" lon="8.674826770555228"><ele>800.7999877929688</ele></trkpt><trkpt lat="47.28978348104283" lon="8.674834953155369"><ele>802.0</ele></trkpt><trkpt lat="47.28974840696901" lon="8.674834140576422"><ele>802.2999877929688</ele></trkpt><trkpt lat="47.28974840696901" lon="8.674834140576422"><ele>802.2999877929688</ele></trkpt><trkpt lat="47.2897462262772" lon="8.674701878800988"><ele>802.0999755859375</ele></trkpt><trkpt lat="47.289744046051055" lon="8.674569617025554"><ele>801.8999938964844</ele></trkpt><trkpt lat="47.28974276455119" lon="8.674437375739217"><ele>801.5999755859375</ele></trkpt><trkpt lat="47.28971984190866" lon="8.674309921916574"><ele>801.3999938964844</ele></trkpt><trkpt lat="47.28969783289358" lon="8.674181167501956"><ele>801.0999755859375</ele></trkpt><trkpt lat="47.28967491071671" lon="8.674053714144975"><ele>800.7999877929688</ele></trkpt><trkpt lat="47.28965198760852" lon="8.673926260787994"><ele>800.3999938964844</ele></trkpt><trkpt lat="47.28962997812778" lon="8.673797506373376"><ele>800.0999755859375</ele></trkpt><trkpt lat="47.28960705548525" lon="8.673670053482056"><ele>799.8999938964844</ele></trkpt><trkpt lat="47.28959008771926" lon="8.673574469052255"><ele>800.0</ele></trkpt><trkpt lat="47.28959240252152" lon="8.67344231158495"><ele>800.1999816894531</ele></trkpt><trkpt lat="47.28959651617333" lon="8.673310195561498"><ele>800.0999755859375</ele></trkpt><trkpt lat="47.289597931317985" lon="8.673178017139435"><ele>799.8999938964844</ele></trkpt><trkpt lat="47.28960024565458" lon="8.67304585967213"><ele>799.8999938964844</ele></trkpt><trkpt lat="47.28960345918313" lon="8.672913723159581"><ele>799.8999938964844</ele></trkpt><trkpt lat="47.28960577305406" lon="8.672781565226614"><ele>800.0</ele></trkpt><trkpt lat="47.28961045155302" lon="8.672596578020602"><ele>800.0999755859375</ele></trkpt><trkpt lat="47.289624442346394" lon="8.672466012649238"><ele>800.1999816894531</ele></trkpt><trkpt lat="47.28963843313977" lon="8.672335446812212"><ele>800.0999755859375</ele></trkpt><trkpt lat="47.28965242393315" lon="8.672204880975187"><ele>800.0</ele></trkpt><trkpt lat="47.289666414260864" lon="8.672074315138161"><ele>799.7999877929688</ele></trkpt><trkpt lat="47.289679505396634" lon="8.671943728346378"><ele>799.5</ele></trkpt><trkpt lat="47.28969045821577" lon="8.671844823285937"><ele>799.1999816894531</ele></trkpt><trkpt lat="47.289730401709676" lon="8.671726755332202"><ele>798.7999877929688</ele></trkpt><trkpt lat="47.28976944554597" lon="8.67160866688937"><ele>798.1999816894531</ele></trkpt><trkpt lat="47.28981030266732" lon="8.671489297877997"><ele>797.5999755859375</ele></trkpt><trkpt lat="47.28985024569556" lon="8.671371229924262"><ele>796.8999938964844</ele></trkpt><trkpt lat="47.28990318905562" lon="8.67121512023732"><ele>796.2999877929688</ele></trkpt><trkpt lat="47.28989650774747" lon="8.671082754153758"><ele>795.5</ele></trkpt><trkpt lat="47.289888912811875" lon="8.670951689127833"><ele>794.6999816894531</ele></trkpt><trkpt lat="47.28988133138046" lon="8.670819302089512"><ele>793.8999938964844</ele></trkpt><trkpt lat="47.28987300628796" lon="8.670672355219722"><ele>793.1999816894531</ele></trkpt><trkpt lat="47.28989311121404" lon="8.67047450132668"><ele>792.6999816894531</ele></trkpt><trkpt lat="47.28993126889691" lon="8.670355068985373"><ele>792.5</ele></trkpt><trkpt lat="47.28996944054961" lon="8.670234315097332"><ele>792.3999938964844</ele></trkpt><trkpt lat="47.29000759776682" lon="8.670114882290363"><ele>792.2999877929688</ele></trkpt><trkpt lat="47.290044855792075" lon="8.669995428994298"><ele>792.0999755859375</ele></trkpt><trkpt lat="47.29008302697912" lon="8.669874674174935"><ele>791.7999877929688</ele></trkpt><trkpt lat="47.290120284538716" lon="8.669755219947547"><ele>791.3999938964844</ele></trkpt><trkpt lat="47.29015844129026" lon="8.669635786674917"><ele>791.1999816894531</ele></trkpt><trkpt lat="47.29019751166925" lon="8.66951505234465"><ele>790.8999938964844</ele></trkpt><trkpt lat="47.29023386957124" lon="8.669395577162504"><ele>790.6999816894531</ele></trkpt><trkpt lat="47.290274823084474" lon="8.669266953133047"><ele>790.6999816894531</ele></trkpt><trkpt lat="47.2903632260859" lon="8.669243870768696"><ele>791.3999938964844</ele></trkpt><trkpt lat="47.290452528744936" lon="8.669220808893442"><ele>792.3999938964844</ele></trkpt><trkpt lat="47.29054003255442" lon="8.669197705574334"><ele>793.1999816894531</ele></trkpt><trkpt lat="47.29060047166422" lon="8.66918191127479"><ele>793.8999938964844</ele></trkpt><trkpt lat="47.29068461805582" lon="8.669136254116893"><ele>794.6999816894531</ele></trkpt><trkpt lat="47.29076787875965" lon="8.669089254457504"><ele>795.5</ele></trkpt><trkpt lat="47.29085202515125" lon="8.669043597299606"><ele>796.3999938964844</ele></trkpt><trkpt lat="47.29093618551269" lon="8.668996618129313"><ele>797.1999816894531</ele></trkpt><trkpt lat="47.29102123109624" lon="8.66895098099485"><ele>798.0</ele></trkpt><trkpt lat="47.29110539145768" lon="8.668904001358896"><ele>798.5999755859375</ele></trkpt><trkpt lat="47.29119043657556" lon="8.668858364224434"><ele>799.1999816894531</ele></trkpt><trkpt lat="47.291274596937" lon="8.668811384122819"><ele>799.5</ele></trkpt><trkpt lat="47.291357843670994" lon="8.66876570507884"><ele>799.7999877929688</ele></trkpt><trkpt lat="47.29144200356677" lon="8.668718724977225"><ele>800.0</ele></trkpt><trkpt lat="47.29152614949271" lon="8.668673066422343"><ele>800.2999877929688</ele></trkpt><trkpt lat="47.29161030985415" lon="8.668626085855067"><ele>800.6999816894531</ele></trkpt><trkpt lat="47.291731554083526" lon="8.668560127262026"><ele>801.2999877929688</ele></trkpt><trkpt lat="47.29180784570053" lon="8.668491810094565"><ele>801.7999877929688</ele></trkpt><trkpt lat="47.29188413731754" lon="8.668423493392766"><ele>802.0999755859375</ele></trkpt><trkpt lat="47.29196132812649" lon="8.668355196714401"><ele>802.2999877929688</ele></trkpt><trkpt lat="47.29203941812739" lon="8.668286920525134"><ele>802.5999755859375</ele></trkpt><trkpt lat="47.29211660847068" lon="8.66821862384677"><ele>802.8999938964844</ele></trkpt><trkpt lat="47.29219201486558" lon="8.668148963246495"><ele>803.1999816894531</ele></trkpt><trkpt lat="47.29226920520887" lon="8.668080666102469"><ele>803.5</ele></trkpt><trkpt lat="47.29234639601782" lon="8.668012368492782"><ele>803.7999877929688</ele></trkpt><trkpt lat="47.29242448601872" lon="8.667944091372192"><ele>804.0999755859375</ele></trkpt><trkpt lat="47.29248443385586" lon="8.667889940552413"><ele>804.2999877929688</ele></trkpt><trkpt lat="47.29255104344338" lon="8.667801565956324"><ele>804.1999816894531</ele></trkpt><trkpt lat="47.292619451880455" lon="8.66771323280409"><ele>803.7999877929688</ele></trkpt><trkpt lat="47.29268516181037" lon="8.667624837253243"><ele>803.5999755859375</ele></trkpt><trkpt lat="47.29275177139789" lon="8.667536461725831"><ele>803.5999755859375</ele></trkpt><trkpt lat="47.29281838098541" lon="8.66744808666408"><ele>803.6999816894531</ele></trkpt><trkpt lat="47.292885889299214" lon="8.667359731625766"><ele>803.5999755859375</ele></trkpt><trkpt lat="47.292952498886734" lon="8.667271355632693"><ele>803.5999755859375</ele></trkpt><trkpt lat="47.29301910800859" lon="8.66718297963962"><ele>803.6999816894531</ele></trkpt><trkpt lat="47.293087515980005" lon="8.667094645090401"><ele>803.7999877929688</ele></trkpt><trkpt lat="47.29315322544426" lon="8.667006247676909"><ele>803.6999816894531</ele></trkpt><trkpt lat="47.29325086250901" lon="8.666876274626702"><ele>803.5</ele></trkpt><trkpt lat="47.29332455340773" lon="8.666798638179898"><ele>803.2999877929688</ele></trkpt><trkpt lat="47.29339644545689" lon="8.666720959823579"><ele>803.0</ele></trkpt><trkpt lat="47.29346923716366" lon="8.666643302422017"><ele>802.7999877929688</ele></trkpt><trkpt lat="47.29354202840477" lon="8.666565644554794"><ele>802.5</ele></trkpt><trkpt lat="47.29361481964588" lon="8.66648798622191"><ele>802.1999816894531</ele></trkpt><trkpt lat="47.2936885105446" lon="8.666410348843783"><ele>801.8999938964844</ele></trkpt><trkpt lat="47.29376478632912" lon="8.666343348100781"><ele>801.7999877929688</ele></trkpt><trkpt lat="47.29384197574109" lon="8.666275046300143"><ele>801.8999938964844</ele></trkpt><trkpt lat="47.293920050840825" lon="8.666208086535335"><ele>802.0999755859375</ele></trkpt><trkpt lat="47.29399722581729" lon="8.66614110628143"><ele>802.3999938964844</ele></trkpt><trkpt lat="47.29408711846918" lon="8.666062518022954"><ele>802.6999816894531</ele></trkpt><trkpt lat="47.2941721486859" lon="8.666018195450306"><ele>803.1999816894531</ele></trkpt><trkpt lat="47.2941721486859" lon="8.666018195450306"><ele>803.1999816894531</ele></trkpt><trkpt lat="47.29430422605947" lon="8.665948510169983"><ele>803.6999816894531</ele></trkpt><trkpt lat="47.29439354175702" lon="8.665924119297415"><ele>804.3999938964844</ele></trkpt><trkpt lat="47.29452976351604" lon="8.665887584909797"><ele>805.2999877929688</ele></trkpt><trkpt lat="47.294665423221886" lon="8.665903926361352"><ele>806.0999755859375</ele></trkpt><trkpt lat="47.29474856890738" lon="8.665952116250992"><ele>806.6999816894531</ele></trkpt><trkpt lat="47.29483260028064" lon="8.666001649107784"><ele>807.1999816894531</ele></trkpt><trkpt lat="47.29492378421128" lon="8.666055313311517"><ele>807.5999755859375</ele></trkpt><trkpt lat="47.29505059076473" lon="8.666058229282498"><ele>807.8999938964844</ele></trkpt><trkpt lat="47.29513386404142" lon="8.66600989876315"><ele>808.0999755859375</ele></trkpt><trkpt lat="47.295217137783766" lon="8.665961568243802"><ele>808.5</ele></trkpt><trkpt lat="47.29530131071806" lon="8.66591325821355"><ele>809.0</ele></trkpt><trkpt lat="47.29540358297527" lon="8.665854786522686"><ele>809.5</ele></trkpt><trkpt lat="47.295490270946175" lon="8.665823723189533"><ele>809.8999938964844</ele></trkpt><trkpt lat="47.29557785857469" lon="8.665792680345476"><ele>810.3999938964844</ele></trkpt><trkpt lat="47.2956654317677" lon="8.665762959979475"><ele>811.0999755859375</ele></trkpt><trkpt lat="47.29579094611108" lon="8.665718243923038"><ele>812.0</ele></trkpt><trkpt lat="47.29586724983528" lon="8.665648595895618"><ele>812.7999877929688</ele></trkpt><trkpt lat="47.29594446718693" lon="8.665577646810561"><ele>813.5999755859375</ele></trkpt><trkpt lat="47.29601987171918" lon="8.665507977828383"><ele>814.3999938964844</ele></trkpt><trkpt lat="47.29609617544338" lon="8.66543832886964"><ele>815.2999877929688</ele></trkpt><trkpt lat="47.29617247916758" lon="8.66536868037656"><ele>816.1999816894531</ele></trkpt><trkpt lat="47.29622698808089" lon="8.665318364743143"><ele>817.0</ele></trkpt><trkpt lat="47.29631692171097" lon="8.665320431813598"><ele>818.0999755859375</ele></trkpt><trkpt lat="47.296442829072475" lon="8.665323325432837"><ele>819.3999938964844</ele></trkpt><trkpt lat="47.29652594728395" lon="8.665374160278589"><ele>820.2999877929688</ele></trkpt><trkpt lat="47.29657688643783" lon="8.665405743289739"><ele>820.3999938964844</ele></trkpt><trkpt lat="47.29660521633923" lon="8.66527945548296"><ele>820.0999755859375</ele></trkpt><trkpt lat="47.29663353180513" lon="8.665154489222914"><ele>819.5</ele></trkpt><trkpt lat="47.29666096204892" lon="8.665028179995716"><ele>818.8999938964844</ele></trkpt><trkpt lat="47.29668837785721" lon="8.664903192780912"><ele>818.0999755859375</ele></trkpt><trkpt lat="47.29671760648489" lon="8.664776924997568"><ele>817.1999816894531</ele></trkpt><trkpt lat="47.29674412263557" lon="8.664651916828007"><ele>816.1999816894531</ele></trkpt><trkpt lat="47.29677245160565" lon="8.664525627624243"><ele>815.3999938964844</ele></trkpt><trkpt lat="47.296800766605884" lon="8.664400660898536"><ele>814.5999755859375</ele></trkpt><trkpt lat="47.296823418233544" lon="8.664300687145442"><ele>813.6999816894531</ele></trkpt><trkpt lat="47.29683021875098" lon="8.66416861396283"><ele>812.7999877929688</ele></trkpt><trkpt lat="47.29683791892603" lon="8.664036562200636"><ele>811.8999938964844</ele></trkpt><trkpt lat="47.29684650385752" lon="8.663905852474272"><ele>810.8999938964844</ele></trkpt><trkpt lat="47.2968533039093" lon="8.66377377975732"><ele>809.8999938964844</ele></trkpt><trkpt lat="47.296861003153026" lon="8.663641727529466"><ele>809.0</ele></trkpt><trkpt lat="47.29686960205436" lon="8.663509695790708"><ele>808.1999816894531</ele></trkpt><trkpt lat="47.296876387670636" lon="8.66337894462049"><ele>807.1999816894531</ele></trkpt><trkpt lat="47.2968840864487" lon="8.663246892392635"><ele>806.3999938964844</ele></trkpt><trkpt lat="47.29689178522676" lon="8.66311484016478"><ele>805.5999755859375</ele></trkpt><trkpt lat="47.296899371780455" lon="8.662993363570422"><ele>805.2999877929688</ele></trkpt><trkpt lat="47.29699947917834" lon="8.6629692139104"><ele>805.5</ele></trkpt><trkpt lat="47.29706518538296" lon="8.662880805321038"><ele>805.8999938964844</ele></trkpt><trkpt lat="47.29711717739701" lon="8.66281323833391"><ele>806.0999755859375</ele></trkpt><trkpt lat="47.29712589038536" lon="8.662839884404093"><ele>806.1999816894531</ele></trkpt><trkpt lat="47.29720660485327" lon="8.662778265308589"><ele>806.5</ele></trkpt><trkpt lat="47.29728553444147" lon="8.662715282756835"><ele>806.8999938964844</ele></trkpt><trkpt lat="47.29736445052549" lon="8.662653622217476"><ele>807.2999877929688</ele></trkpt><trkpt lat="47.29744336614385" lon="8.662591961678118"><ele>807.7999877929688</ele></trkpt><trkpt lat="47.29752319538966" lon="8.66252899961546"><ele>808.1999816894531</ele></trkpt><trkpt lat="47.29760211100802" lon="8.66246733814478"><ele>808.5</ele></trkpt><trkpt lat="47.297681926283985" lon="8.662405697628856"><ele>808.8999938964844</ele></trkpt><trkpt lat="47.297760855872184" lon="8.66234271414578"><ele>809.2999877929688</ele></trkpt><trkpt lat="47.297841569874436" lon="8.662281094118953"><ele>809.6999816894531</ele></trkpt><trkpt lat="47.297920499462634" lon="8.662218110170215"><ele>810.0999755859375</ele></trkpt><trkpt lat="47.297999415080994" lon="8.662156448233873"><ele>810.3999938964844</ele></trkpt><trkpt lat="47.298078330699354" lon="8.662094785831869"><ele>810.6999816894531</ele></trkpt><trkpt lat="47.29814495006576" lon="8.66200507292524"><ele>810.8999938964844</ele></trkpt><trkpt lat="47.29821156896651" lon="8.66191535955295"><ele>811.0999755859375</ele></trkpt><trkpt lat="47.29827727470547" lon="8.661826947703958"><ele>811.2999877929688</ele></trkpt><trkpt lat="47.29834299441427" lon="8.66173721337691"><ele>811.5</ele></trkpt><trkpt lat="47.29842512635514" lon="8.661626697983593"><ele>811.5999755859375</ele></trkpt><trkpt lat="47.298485547769815" lon="8.661527585238218"><ele>811.6999816894531</ele></trkpt><trkpt lat="47.29854328557849" lon="8.66142708901316"><ele>811.6999816894531</ele></trkpt><trkpt lat="47.298602807335556" lon="8.661327955313027"><ele>811.7999877929688</ele></trkpt><trkpt lat="47.29868246521801" lon="8.661196224857122"><ele>811.8999938964844</ele></trkpt><trkpt lat="47.29873219225556" lon="8.661087609827518"><ele>812.0</ele></trkpt><trkpt lat="47.29878283292055" lon="8.660977693740278"><ele>812.0999755859375</ele></trkpt><trkpt lat="47.298833459150046" lon="8.660869099199772"><ele>812.1999816894531</ele></trkpt><trkpt lat="47.29888409981504" lon="8.66075918264687"><ele>812.2999877929688</ele></trkpt><trkpt lat="47.29893562523648" lon="8.6606506081298"><ele>812.3999938964844</ele></trkpt><trkpt lat="47.29898535180837" lon="8.660541992634535"><ele>812.5</ele></trkpt><trkpt lat="47.2990279677324" lon="8.660425279755145"><ele>812.6999816894531</ele></trkpt><trkpt lat="47.29907146887854" lon="8.660309909377247"><ele>812.8999938964844</ele></trkpt><trkpt lat="47.29911408480257" lon="8.660193196497858"><ele>813.0</ele></trkpt><trkpt lat="47.299157585948706" lon="8.660077825654298"><ele>813.0</ele></trkpt><trkpt lat="47.299200201407075" lon="8.659961112309247"><ele>813.0</ele></trkpt><trkpt lat="47.299242816865444" lon="8.659844398498535"><ele>813.0999755859375</ele></trkpt><trkpt lat="47.29928631708026" lon="8.659729027654976"><ele>813.2999877929688</ele></trkpt><trkpt lat="47.29932893253863" lon="8.659612313378602"><ele>813.6999816894531</ele></trkpt><trkpt lat="47.299372432753444" lon="8.659496942069381"><ele>814.2999877929688</ele></trkpt><trkpt lat="47.29941504774615" lon="8.659380227793008"><ele>814.7999877929688</ele></trkpt><trkpt lat="47.299458561930805" lon="8.65926353354007"><ele>815.1999816894531</ele></trkpt><trkpt lat="47.299503958784044" lon="8.659138948656619"><ele>815.3999938964844</ele></trkpt><trkpt lat="47.29955191351473" lon="8.659027644898742"><ele>815.5999755859375</ele></trkpt><trkpt lat="47.2995998817496" lon="8.658915019594133"><ele>815.8999938964844</ele></trkpt><trkpt lat="47.29964963532984" lon="8.65880375681445"><ele>816.5</ele></trkpt><trkpt lat="47.29969758959487" lon="8.658692453056574"><ele>817.1999816894531</ele></trkpt><trkpt lat="47.29974555782974" lon="8.658579826820642"><ele>817.8999938964844</ele></trkpt><trkpt lat="47.29974555782974" lon="8.658579826820642"><ele>817.8999938964844</ele></trkpt><trkpt lat="47.299793512094766" lon="8.658468522131443"><ele>818.5999755859375</ele></trkpt><trkpt lat="47.299841466359794" lon="8.658357217907906"><ele>819.3999938964844</ele></trkpt><trkpt lat="47.29988942015916" lon="8.658245913218707"><ele>820.1999816894531</ele></trkpt><trkpt lat="47.29993738792837" lon="8.658133286051452"><ele>821.0999755859375</ele></trkpt><trkpt lat="47.29998440062627" lon="8.65802592644468"><ele>822.0</ele></trkpt><trkpt lat="47.300024330150336" lon="8.657907826360315"><ele>822.8999938964844</ele></trkpt><trkpt lat="47.3000642596744" lon="8.65778972581029"><ele>824.0999755859375</ele></trkpt><trkpt lat="47.30012363381684" lon="8.657619174104184"><ele>825.1999816894531</ele></trkpt><trkpt lat="47.30014835810289" lon="8.657492791768163"><ele>825.6999816894531</ele></trkpt><trkpt lat="47.30017488077283" lon="8.657366449944675"><ele>825.8999938964844</ele></trkpt><trkpt lat="47.30020140297711" lon="8.657240108121186"><ele>825.6999816894531</ele></trkpt><trkpt lat="47.30023742141202" lon="8.657066377811134"><ele>825.1999816894531</ele></trkpt><trkpt lat="47.3002262134105" lon="8.656935207080096"><ele>824.2999877929688</ele></trkpt><trkpt lat="47.30021500494331" lon="8.656804036349058"><ele>823.5</ele></trkpt><trkpt lat="47.30020559486002" lon="8.656672907061875"><ele>823.0</ele></trkpt><trkpt lat="47.30019762041047" lon="8.656576192006469"><ele>822.5999755859375</ele></trkpt><trkpt lat="47.30015840660781" lon="8.656456283759326"><ele>822.1999816894531</ele></trkpt><trkpt lat="47.30012009199709" lon="8.65633639646694"><ele>821.6999816894531</ele></trkpt><trkpt lat="47.30008357577026" lon="8.65621655061841"><ele>821.0</ele></trkpt><trkpt lat="47.3000312903896" lon="8.656056673731655"><ele>820.1999816894531</ele></trkpt><trkpt lat="47.300007448066026" lon="8.65592918265611"><ele>819.5</ele></trkpt><trkpt lat="47.299981793388724" lon="8.655802973080426"><ele>818.8999938964844</ele></trkpt><trkpt lat="47.29995705187321" lon="8.655675461981446"><ele>818.2999877929688</ele></trkpt><trkpt lat="47.299920374993235" lon="8.655485527589917"><ele>818.0</ele></trkpt><trkpt lat="47.29991907160729" lon="8.655353262089193"><ele>817.8999938964844</ele></trkpt><trkpt lat="47.29991776822135" lon="8.655220996122807"><ele>818.0999755859375</ele></trkpt><trkpt lat="47.29991736402735" lon="8.655088750645518"><ele>818.3999938964844</ele></trkpt><trkpt lat="47.29991640197113" lon="8.655009387061"><ele>818.7999877929688</ele></trkpt><trkpt lat="47.2998814675957" lon="8.654995367396623"><ele>818.5</ele></trkpt><trkpt lat="47.29991640197113" lon="8.655009387061"><ele>818.7999877929688</ele></trkpt><trkpt lat="47.29992734733969" lon="8.654824506025761"><ele>819.5</ele></trkpt><trkpt lat="47.29999197414145" lon="8.654667295049876"><ele>820.0999755859375</ele></trkpt><trkpt lat="47.29992542974651" lon="8.654579825233668"><ele>819.7999877929688</ele></trkpt><trkpt lat="47.29985617334023" lon="8.654493616428226"><ele>819.0</ele></trkpt><trkpt lat="47.29978962847963" lon="8.65440614707768"><ele>818.3999938964844</ele></trkpt><trkpt lat="47.29972128523514" lon="8.654318637214601"><ele>817.8999938964844</ele></trkpt><trkpt lat="47.29965382721275" lon="8.654232469853014"><ele>817.5999755859375</ele></trkpt><trkpt lat="47.29958461271599" lon="8.65414229594171"><ele>817.3999938964844</ele></trkpt><trkpt lat="47.29957444127649" lon="8.654168511275202"><ele>817.2999877929688</ele></trkpt><trkpt lat="47.29958461271599" lon="8.65414229594171"><ele>817.3999938964844</ele></trkpt><trkpt lat="47.299516269005835" lon="8.654054786544293"><ele>817.1999816894531</ele></trkpt><trkpt lat="47.29945152299479" lon="8.653967359568924"><ele>817.0999755859375</ele></trkpt><trkpt lat="47.29940141690895" lon="8.653856463264674"><ele>817.0</ele></trkpt><trkpt lat="47.299351296853274" lon="8.653746889904141"><ele>816.8999938964844</ele></trkpt><trkpt lat="47.29931878717616" lon="8.653673420660198"><ele>816.8999938964844</ele></trkpt><trkpt lat="47.29929584218189" lon="8.653545952867717"><ele>816.7999877929688</ele></trkpt><trkpt lat="47.29927199753001" lon="8.6534184650518"><ele>816.6999816894531</ele></trkpt><trkpt lat="47.29924906603992" lon="8.653289675712585"><ele>816.5999755859375</ele></trkpt><trkpt lat="47.29922612057999" lon="8.653162208385766"><ele>816.5999755859375</ele></trkpt><trkpt lat="47.29920227546245" lon="8.65303472103551"><ele>816.5</ele></trkpt><trkpt lat="47.299179329536855" lon="8.652907254174352"><ele>816.2999877929688</ele></trkpt><trkpt lat="47.2991563831456" lon="8.652779786847532"><ele>815.8999938964844</ele></trkpt><trkpt lat="47.29912321548909" lon="8.652597871609032"><ele>815.3999938964844</ele></trkpt><trkpt lat="47.29912550607696" lon="8.652465689461678"><ele>814.5999755859375</ele></trkpt><trkpt lat="47.29912627628073" lon="8.652307026088238"><ele>813.5</ele></trkpt><trkpt lat="47.29914920916781" lon="8.652179279830307"><ele>812.1999816894531</ele></trkpt><trkpt lat="47.29917304171249" lon="8.652051554527134"><ele>810.7999877929688</ele></trkpt><trkpt lat="47.29919597459957" lon="8.651923808269203"><ele>809.3999938964844</ele></trkpt><trkpt lat="47.29922177223489" lon="8.651780258864164"><ele>807.8999938964844</ele></trkpt><trkpt lat="47.299257239792496" lon="8.651658086571842"><ele>806.3999938964844</ele></trkpt><trkpt lat="47.29929179418832" lon="8.65153721626848"><ele>805.0</ele></trkpt><trkpt lat="47.29932726174593" lon="8.651415043510497"><ele>803.6999816894531</ele></trkpt><trkpt lat="47.29936181567609" lon="8.651294172741473"><ele>802.5999755859375</ele></trkpt><trkpt lat="47.29939806694165" lon="8.651268549263477"><ele>802.0999755859375</ele></trkpt><trkpt lat="47.299389351624995" lon="8.651241904124618"><ele>802.0</ele></trkpt><trkpt lat="47.29936181567609" lon="8.651294172741473"><ele>802.5999755859375</ele></trkpt><trkpt lat="47.29930257471278" lon="8.651196295395494"><ele>801.6999816894531</ele></trkpt><trkpt lat="47.299246847163886" lon="8.651106432080269"><ele>801.2999877929688</ele></trkpt><trkpt lat="47.2991674314253" lon="8.65104512264952"><ele>800.8999938964844</ele></trkpt><trkpt lat="47.29906836943701" lon="8.650970143731683"><ele>800.2999877929688</ele></trkpt><trkpt lat="47.2989794597961" lon="8.65095622325316"><ele>799.7999877929688</ele></trkpt><trkpt lat="47.29889056412503" lon="8.650940980296582"><ele>799.2999877929688</ele></trkpt><trkpt lat="47.29879985610023" lon="8.650927019305527"><ele>798.7999877929688</ele></trkpt><trkpt lat="47.2986822091043" lon="8.650908479001373"><ele>798.0999755859375</ele></trkpt><trkpt lat="47.29859807016328" lon="8.650954171549529"><ele>797.2999877929688</ele></trkpt><trkpt lat="47.29851304600015" lon="8.650998521596193"><ele>796.5</ele></trkpt><trkpt lat="47.29842890705913" lon="8.651044214144349"><ele>795.7999877929688</ele></trkpt><trkpt lat="47.298343882896006" lon="8.651088563725352"><ele>795.0999755859375</ele></trkpt><trkpt lat="47.29822989879176" lon="8.651149445679039"><ele>794.3999938964844</ele></trkpt><trkpt lat="47.29815010400489" lon="8.651209781877697"><ele>793.8999938964844</ele></trkpt><trkpt lat="47.29806942306459" lon="8.651268775574863"><ele>793.5</ele></trkpt><trkpt lat="47.297990527469665" lon="8.651329131796956"><ele>793.0</ele></trkpt><trkpt lat="47.29790893336758" lon="8.651389426086098"><ele>792.3999938964844</ele></trkpt><trkpt lat="47.29782913811505" lon="8.651449761819094"><ele>791.7999877929688</ele></trkpt><trkpt lat="47.297749356832355" lon="8.651508774608374"><ele>790.8999938964844</ele></trkpt><trkpt lat="47.297659422736615" lon="8.651506730820984"><ele>789.8999938964844</ele></trkpt><trkpt lat="47.297569488640875" lon="8.651504687033594"><ele>789.0</ele></trkpt><trkpt lat="47.297525216825306" lon="8.65143756614998"><ele>788.1999816894531</ele></trkpt><trkpt lat="47.297504980582744" lon="8.651308842934668"><ele>787.2999877929688</ele></trkpt><trkpt lat="47.297491467092186" lon="8.651225230656564"><ele>786.5</ele></trkpt><trkpt lat="47.29748925939202" lon="8.651092950254679"><ele>785.5999755859375</ele></trkpt><trkpt lat="47.297486568801105" lon="8.65092098992318"><ele>784.5</ele></trkpt><trkpt lat="47.29750950075686" lon="8.650793247390538"><ele>783.2999877929688</ele></trkpt><trkpt lat="47.29754296364263" lon="8.650604918133467"><ele>782.0</ele></trkpt><trkpt lat="47.29757931595668" lon="8.650484091602266"><ele>780.6999816894531</ele></trkpt><trkpt lat="47.29761746618897" lon="8.650363305583596"><ele>779.5999755859375</ele></trkpt><trkpt lat="47.29761746618897" lon="8.650363305583596"><ele>779.5999755859375</ele></trkpt><trkpt lat="47.29765477310866" lon="8.650237211026251"><ele>778.7999877929688</ele></trkpt><trkpt lat="47.29770183330402" lon="8.650124561041594"><ele>778.0999755859375</ele></trkpt><trkpt lat="47.29774800827727" lon="8.650010568089783"><ele>777.6999816894531</ele></trkpt><trkpt lat="47.297795068472624" lon="8.649897917639464"><ele>777.2999877929688</ele></trkpt><trkpt lat="47.297841229476035" lon="8.649785246700048"><ele>776.8999938964844</ele></trkpt><trkpt lat="47.297876306343824" lon="8.649700092617422"><ele>776.5999755859375</ele></trkpt><trkpt lat="47.297934933099896" lon="8.649599604774266"><ele>776.2999877929688</ele></trkpt><trkpt lat="47.29799355939031" lon="8.64949911646545"><ele>776.0</ele></trkpt><trkpt lat="47.29805128648877" lon="8.649398608133197"><ele>775.7999877929688</ele></trkpt><trkpt lat="47.29810991231352" lon="8.64929811982438"><ele>775.3999938964844</ele></trkpt><trkpt lat="47.29816853860393" lon="8.649197631049901"><ele>775.0</ele></trkpt><trkpt lat="47.298226279206574" lon="8.649095799773932"><ele>774.5</ele></trkpt><trkpt lat="47.29828490503132" lon="8.648995310533792"><ele>774.0</ele></trkpt><trkpt lat="47.29834443004802" lon="8.648894841317087"><ele>773.5</ele></trkpt><trkpt lat="47.29839940275997" lon="8.64879955817014"><ele>773.0999755859375</ele></trkpt><trkpt lat="47.29840721935034" lon="8.64882618188858"><ele>772.7999877929688</ele></trkpt><trkpt lat="47.2984738284722" lon="8.648736451752484"><ele>772.3999938964844</ele></trkpt><trkpt lat="47.298540437128395" lon="8.648646721150726"><ele>771.8999938964844</ele></trkpt><trkpt lat="47.29860613215715" lon="8.648558292072266"><ele>771.3999938964844</ele></trkpt><trkpt lat="47.2986718416214" lon="8.648468540981412"><ele>770.6999816894531</ele></trkpt><trkpt lat="47.29876309260726" lon="8.648344988003373"><ele>769.8999938964844</ele></trkpt><trkpt lat="47.29885154636577" lon="8.648316578939557"><ele>769.0</ele></trkpt><trkpt lat="47.29891743371263" lon="8.648295592051"><ele>768.1999816894531</ele></trkpt><trkpt lat="47.29900151351467" lon="8.64834113465622"><ele>767.1999816894531</ele></trkpt><trkpt lat="47.29908650694415" lon="8.648385375738144"><ele>766.0999755859375</ele></trkpt><trkpt lat="47.299149113707244" lon="8.648419853299856"><ele>765.1999816894531</ele></trkpt><trkpt lat="47.299230192787945" lon="8.64840846741572"><ele>764.2999877929688</ele></trkpt><trkpt lat="47.29929678700864" lon="8.648320056963712"><ele>763.7999877929688</ele></trkpt><trkpt lat="47.29934877017513" lon="8.648252473212779"><ele>763.3999938964844</ele></trkpt><trkpt lat="47.29938690504059" lon="8.64813300408423"><ele>763.0</ele></trkpt><trkpt lat="47.29942503897473" lon="8.648013534490019"><ele>762.5999755859375</ele></trkpt><trkpt lat="47.29947897512466" lon="8.647845495957881"><ele>762.6999816894531</ele></trkpt><trkpt lat="47.29954025661573" lon="8.647749030496925"><ele>763.2999877929688</ele></trkpt><trkpt lat="47.299602437298745" lon="8.647652585059404"><ele>764.0</ele></trkpt><trkpt lat="47.29965276038274" lon="8.647571739275008"><ele>764.6999816894531</ele></trkpt><trkpt lat="47.29972993861884" lon="8.647503402549773"><ele>765.3999938964844</ele></trkpt><trkpt lat="47.29984342306852" lon="8.647404151502997"><ele>766.0</ele></trkpt><trkpt lat="47.29992760159075" lon="8.647354485932738"><ele>766.5</ele></trkpt><trkpt lat="47.30000998219475" lon="8.647304779849946"><ele>767.0</ele></trkpt><trkpt lat="47.300093261525035" lon="8.64725509332493"><ele>767.5</ele></trkpt><trkpt lat="47.30020641349256" lon="8.647187570575625"><ele>768.1999816894531</ele></trkpt><trkpt lat="47.300293940119445" lon="8.647161782719195"><ele>769.0</ele></trkpt><trkpt lat="47.300413054879755" lon="8.647126131225377"><ele>770.0</ele></trkpt><trkpt lat="47.300502988975495" lon="8.647128167562187"><ele>770.5999755859375</ele></trkpt><trkpt lat="47.300592922605574" lon="8.647130203898996"><ele>771.1999816894531</ele></trkpt><trkpt lat="47.30070983665064" lon="8.647132851649076"><ele>771.7999877929688</ele></trkpt><trkpt lat="47.30079856654629" lon="8.647163953166455"><ele>772.2999877929688</ele></trkpt><trkpt lat="47.30088551156223" lon="8.647193691693246"><ele>772.8999938964844</ele></trkpt><trkpt lat="47.30097244307399" lon="8.647224753163755"><ele>773.3999938964844</ele></trkpt><trkpt lat="47.301059374120086" lon="8.647255814168602"><ele>773.8999938964844</ele></trkpt><trkpt lat="47.30114721832797" lon="8.647285573650151"><ele>774.2999877929688</ele></trkpt><trkpt lat="47.301274481229484" lon="8.647330772131681"><ele>774.6999816894531</ele></trkpt><trkpt lat="47.30134742334485" lon="8.6474091229029"><ele>775.0999755859375</ele></trkpt><trkpt lat="47.30142660532147" lon="8.647492905147374"><ele>775.3999938964844</ele></trkpt><trkpt lat="47.30151649750769" lon="8.64749890845269"><ele>775.5</ele></trkpt><trkpt lat="47.301606403663754" lon="8.647503589745611"><ele>775.5999755859375</ele></trkpt><trkpt lat="47.30169539665803" lon="8.64750957256183"><ele>775.6999816894531</ele></trkpt><trkpt lat="47.30176731618121" lon="8.647513846401125"><ele>775.7999877929688</ele></trkpt><trkpt lat="47.301847994327545" lon="8.647454842925072"><ele>775.5999755859375</ele></trkpt><trkpt lat="47.301929558161646" lon="8.64739718195051"><ele>775.2999877929688</ele></trkpt><trkpt lat="47.30200933711603" lon="8.647338157519698"><ele>775.0999755859375</ele></trkpt><trkpt lat="47.30209000175819" lon="8.64728047605604"><ele>775.0</ele></trkpt><trkpt lat="47.30217157956213" lon="8.64722149213776"><ele>774.7999877929688</ele></trkpt><trkpt lat="47.302251358516514" lon="8.647162467706949"><ele>774.3999938964844</ele></trkpt><trkpt lat="47.30233202269301" lon="8.647104785311967"><ele>774.0</ele></trkpt><trkpt lat="47.30241360003129" lon="8.647045800928026"><ele>773.5</ele></trkpt><trkpt lat="47.30249246582389" lon="8.64698807708919"><ele>773.0999755859375</ele></trkpt><trkpt lat="47.30257920362055" lon="8.646951690781862"><ele>772.5999755859375</ele></trkpt><trkpt lat="47.302673164289445" lon="8.646912822499871"><ele>772.1999816894531</ele></trkpt><trkpt lat="47.30275295674801" lon="8.646852474659681"><ele>771.6999816894531</ele></trkpt><trkpt lat="47.30283276317641" lon="8.646790804807097"><ele>771.2999877929688</ele></trkpt><trkpt lat="47.30291345482692" lon="8.646730476990342"><ele>771.0999755859375</ele></trkpt><trkpt lat="47.30299236206338" lon="8.646668786183"><ele>770.7999877929688</ele></trkpt><trkpt lat="47.30307215452194" lon="8.646608437411487"><ele>770.6999816894531</ele></trkpt><trkpt lat="47.303151960950345" lon="8.64654676662758"><ele>770.5</ele></trkpt><trkpt lat="47.30323175294325" lon="8.646486417856067"><ele>770.2999877929688</ele></trkpt><trkpt lat="47.303312458563596" lon="8.646424767095596"><ele>770.0999755859375</ele></trkpt><trkpt lat="47.303391351830214" lon="8.646364397369325"><ele>769.8999938964844</ele></trkpt><trkpt lat="47.30348022049293" lon="8.646296318620443"><ele>769.6999816894531</ele></trkpt><trkpt lat="47.30356777459383" lon="8.646267883479595"><ele>769.3999938964844</ele></trkpt><trkpt lat="47.30365622788668" lon="8.646239468827844"><ele>769.0999755859375</ele></trkpt><trkpt lat="47.30374376801774" lon="8.646212355233729"><ele>768.7999877929688</ele></trkpt><trkpt lat="47.30383132211864" lon="8.64618392009288"><ele>768.2999877929688</ele></trkpt><trkpt lat="47.30391977541149" lon="8.646155504509807"><ele>767.5999755859375</ele></trkpt><trkpt lat="47.30400732951239" lon="8.646127068903297"><ele>766.8999938964844</ele></trkpt><trkpt lat="47.304095768835396" lon="8.646099975332618"><ele>766.0999755859375</ele></trkpt><trkpt lat="47.304183322470635" lon="8.646071539726108"><ele>765.2999877929688</ele></trkpt><trkpt lat="47.304270876571536" lon="8.646043103653938"><ele>764.5</ele></trkpt><trkpt lat="47.30435932986438" lon="8.646014687605202"><ele>763.7999877929688</ele></trkpt><trkpt lat="47.304446869995445" lon="8.645987573545426"><ele>762.8999938964844</ele></trkpt><trkpt lat="47.304534423630685" lon="8.645959137473255"><ele>762.0999755859375</ele></trkpt><trkpt lat="47.30459941131994" lon="8.645938125438988"><ele>761.1999816894531</ele></trkpt><trkpt lat="47.30468358891085" lon="8.64588845288381"><ele>760.3999938964844</ele></trkpt><trkpt lat="47.30476596811786" lon="8.645838739350438"><ele>759.5</ele></trkpt><trkpt lat="47.30476596811786" lon="8.645838739350438"><ele>759.5</ele></trkpt><trkpt lat="47.30483476025984" lon="8.645797975827008"><ele>758.5</ele></trkpt><trkpt lat="47.304909294471145" lon="8.64572428027168"><ele>757.5</ele></trkpt><trkpt lat="47.304980176035315" lon="8.645655791740865"><ele>756.2999877929688</ele></trkpt><trkpt lat="47.305012953002006" lon="8.645532219205052"><ele>755.1999816894531</ele></trkpt><trkpt lat="47.305036349222064" lon="8.645445463713259"><ele>754.5</ele></trkpt><trkpt lat="47.30499439826235" lon="8.645328136626631"><ele>753.8999938964844</ele></trkpt><trkpt lat="47.30495243286714" lon="8.645212131552398"><ele>753.0999755859375</ele></trkpt><trkpt lat="47.30491048190743" lon="8.64509480446577"><ele>752.2999877929688</ele></trkpt><trkpt lat="47.304869429674" lon="8.64497749786824"><ele>751.2999877929688</ele></trkpt><trkpt lat="47.304827477782965" lon="8.644860170781612"><ele>750.3999938964844</ele></trkpt><trkpt lat="47.30478286975995" lon="8.644738817121834"><ele>749.5</ele></trkpt><trkpt lat="47.304758115671575" lon="8.644611299503595"><ele>748.5</ele></trkpt><trkpt lat="47.30473244842142" lon="8.644485083874315"><ele>747.5</ele></trkpt><trkpt lat="47.30470859352499" lon="8.644357586745173"><ele>746.5</ele></trkpt><trkpt lat="47.304682926274836" lon="8.644231371115893"><ele>745.5999755859375</ele></trkpt><trkpt lat="47.30465727252886" lon="8.64410383393988"><ele>744.6999816894531</ele></trkpt><trkpt lat="47.30462146224454" lon="8.643915233202279"><ele>743.8999938964844</ele></trkpt><trkpt lat="47.30461225984618" lon="8.643848901614547"><ele>743.2999877929688</ele></trkpt><trkpt lat="47.30464041559026" lon="8.643823088146746"><ele>743.1999816894531</ele></trkpt><trkpt lat="47.30461225984618" lon="8.643848901614547"><ele>743.2999877929688</ele></trkpt><trkpt lat="47.304578428622335" lon="8.643729114905"><ele>742.5</ele></trkpt><trkpt lat="47.30469499574974" lon="8.643678847700357"><ele>741.8999938964844</ele></trkpt><trkpt lat="47.304784901905805" lon="8.643683522939682"><ele>741.5</ele></trkpt><trkpt lat="47.30487479409203" lon="8.64368951972574"><ele>741.1999816894531</ele></trkpt><trkpt lat="47.30496559944004" lon="8.6436942149885"><ele>740.8999938964844</ele></trkpt><trkpt lat="47.3050555055961" lon="8.643698890227824"><ele>740.5999755859375</ele></trkpt><trkpt lat="47.305145411752164" lon="8.643703565001488"><ele>740.1999816894531</ele></trkpt><trkpt lat="47.30523440474644" lon="8.643709542229772"><ele>739.7999877929688</ele></trkpt><trkpt lat="47.305324310902506" lon="8.643714217003435"><ele>739.3999938964844</ele></trkpt><trkpt lat="47.30541421659291" lon="8.64371889224276"><ele>739.0</ele></trkpt><trkpt lat="47.305477142799646" lon="8.643722957931459"><ele>738.5999755859375</ele></trkpt><trkpt lat="47.30556646734476" lon="8.64369720267132"><ele>738.1999816894531</ele></trkpt><trkpt lat="47.30565399304032" lon="8.643671406432986"><ele>737.6999816894531</ele></trkpt><trkpt lat="47.3057748908177" lon="8.643637105822563"><ele>737.1999816894531</ele></trkpt><trkpt lat="47.305784507188946" lon="8.643663773313165"><ele>736.8999938964844</ele></trkpt><trkpt lat="47.30583044048399" lon="8.64357223501429"><ele>736.0999755859375</ele></trkpt><trkpt lat="47.305874810088426" lon="8.643458178266883"><ele>734.8999938964844</ele></trkpt><trkpt lat="47.30591359036043" lon="8.643362510483712"><ele>733.8999938964844</ele></trkpt><trkpt lat="47.30593561427668" lon="8.64323472417891"><ele>733.0999755859375</ele></trkpt><trkpt lat="47.30595585331321" lon="8.643105575349182"><ele>732.2999877929688</ele></trkpt><trkpt lat="47.30597978597507" lon="8.642967252060771"><ele>731.5999755859375</ele></trkpt><trkpt lat="47.30598476389423" lon="8.642835113219917"><ele>731.0</ele></trkpt><trkpt lat="47.30598884169012" lon="8.642702954355627"><ele>730.6999816894531</ele></trkpt><trkpt lat="47.30599381914362" lon="8.642570815514773"><ele>730.2999877929688</ele></trkpt><trkpt lat="47.30599879659712" lon="8.642438676673919"><ele>729.8999938964844</ele></trkpt><trkpt lat="47.30600377358496" lon="8.642306538298726"><ele>729.2999877929688</ele></trkpt><trkpt lat="47.306007850915194" lon="8.642174378968775"><ele>728.3999938964844</ele></trkpt><trkpt lat="47.30601282743737" lon="8.642042240127921"><ele>727.3999938964844</ele></trkpt><trkpt lat="47.30601794179529" lon="8.641896879300475"><ele>726.2999877929688</ele></trkpt><trkpt lat="47.30603727977723" lon="8.641767709050328"><ele>725.2999877929688</ele></trkpt><trkpt lat="47.30605841660872" lon="8.641638579312712"><ele>724.2999877929688</ele></trkpt><trkpt lat="47.306075900793076" lon="8.641514657530934"><ele>723.5</ele></trkpt><trkpt lat="47.306015751790255" lon="8.641416758298874"><ele>723.0</ele></trkpt><trkpt lat="47.30595651641488" lon="8.641317557543516"><ele>722.5999755859375</ele></trkpt><trkpt lat="47.305895468220115" lon="8.641219638753682"><ele>722.2999877929688</ele></trkpt><trkpt lat="47.305854788050056" lon="8.641152596566826"><ele>721.6999816894531</ele></trkpt><trkpt lat="47.305781841278076" lon="8.641074247658253"><ele>720.3999938964844</ele></trkpt><trkpt lat="47.30570445302874" lon="8.640990508720279"><ele>719.2999877929688</ele></trkpt><trkpt lat="47.30578861525282" lon="8.640942149795592"><ele>719.0</ele></trkpt><trkpt lat="47.305870978627354" lon="8.640893749892712"><ele>718.7999877929688</ele></trkpt><trkpt lat="47.30595514038578" lon="8.640845390502363"><ele>718.1999816894531</ele></trkpt><trkpt lat="47.306038402952254" lon="8.640797010622919"><ele>717.5</ele></trkpt><trkpt lat="47.306123464368284" lon="8.640748671256006"><ele>716.8999938964844</ele></trkpt><trkpt lat="47.30621035210788" lon="8.640697727911174"><ele>716.2999877929688</ele></trkpt><trkpt lat="47.30629707407206" lon="8.640662650577724"><ele>715.7999877929688</ele></trkpt><trkpt lat="47.30638379603624" lon="8.640627573244274"><ele>715.5</ele></trkpt><trkpt lat="47.30649038637057" lon="8.640585008542985"><ele>715.2999877929688</ele></trkpt><trkpt lat="47.306580347940326" lon="8.640584389679134"><ele>715.1999816894531</ele></trkpt><trkpt lat="47.30667030904442" lon="8.640583770815283"><ele>715.1999816894531</ele></trkpt><trkpt lat="47.30676027061418" lon="8.640583151951432"><ele>715.1999816894531</ele></trkpt><trkpt lat="47.30685024568811" lon="8.640581210609525"><ele>715.0999755859375</ele></trkpt><trkpt lat="47.306940206792206" lon="8.640580591745675"><ele>714.8999938964844</ele></trkpt><trkpt lat="47.30703016836196" lon="8.640579972881824"><ele>714.6999816894531</ele></trkpt><trkpt lat="47.30712012946606" lon="8.640579353552312"><ele>714.5</ele></trkpt><trkpt lat="47.30721009103581" lon="8.64057873468846"><ele>714.2999877929688</ele></trkpt><trkpt lat="47.30730005213991" lon="8.64057811582461"><ele>714.0</ele></trkpt><trkpt lat="47.307390013244" lon="8.64057749696076"><ele>713.6999816894531</ele></trkpt><trkpt lat="47.30747998831794" lon="8.640575555618852"><ele>713.5</ele></trkpt><trkpt lat="47.30756994988769" lon="8.640574936755002"><ele>713.1999816894531</ele></trkpt><trkpt lat="47.30765991099179" lon="8.64057431789115"><ele>712.8999938964844</ele></trkpt><trkpt lat="47.30774987209588" lon="8.640573698561639"><ele>712.5999755859375</ele></trkpt><trkpt lat="47.30783988861367" lon="8.640567790716887"><ele>712.0999755859375</ele></trkpt><trkpt lat="47.30792989116162" lon="8.64056320488453"><ele>711.5999755859375</ele></trkpt><trkpt lat="47.30801990721375" lon="8.640557297039777"><ele>711.1999816894531</ele></trkpt><trkpt lat="47.30810902453959" lon="8.640551368705928"><ele>710.8999938964844</ele></trkpt><trkpt lat="47.30819904059172" lon="8.640545460861176"><ele>710.5999755859375</ele></trkpt><trkpt lat="47.30828904360533" lon="8.640540875028819"><ele>710.3999938964844</ele></trkpt><trkpt lat="47.308379059657454" lon="8.640534966718405"><ele>710.0999755859375</ele></trkpt><trkpt lat="47.30846907617524" lon="8.640529058873653"><ele>709.8999938964844</ele></trkpt><trkpt lat="47.308532983995974" lon="8.640525207854807"><ele>709.5999755859375</ele></trkpt><trkpt lat="47.30859607551247" lon="8.640513402875513"><ele>709.3999938964844</ele></trkpt><trkpt lat="47.30860548187047" lon="8.640473937615752"><ele>709.2999877929688</ele></trkpt><trkpt lat="47.30859607551247" lon="8.640513402875513"><ele>709.3999938964844</ele></trkpt><trkpt lat="47.30868613300845" lon="8.640503528062254"><ele>709.1999816894531</ele></trkpt><trkpt lat="47.308775291312486" lon="8.640493632759899"><ele>709.0</ele></trkpt><trkpt lat="47.308893269859254" lon="8.640480418689549"><ele>708.7999877929688</ele></trkpt><trkpt lat="47.30897083738819" lon="8.640546972397715"><ele>708.7999877929688</ele></trkpt><trkpt lat="47.309049317613244" lon="8.640612224116921"><ele>708.8999938964844</ele></trkpt><trkpt lat="47.309049317613244" lon="8.640612224116921"><ele>708.8999938964844</ele></trkpt><trkpt lat="47.309134024661034" lon="8.640684228856117"><ele>708.8999938964844</ele></trkpt><trkpt lat="47.30918596917763" lon="8.640792528633028"><ele>708.8999938964844</ele></trkpt><trkpt lat="47.30923882732168" lon="8.64089952642098"><ele>708.8999938964844</ele></trkpt><trkpt lat="47.30929077183828" lon="8.641007826663554"><ele>708.8999938964844</ele></trkpt><trkpt lat="47.309342729859054" lon="8.641114804893732"><ele>708.7999877929688</ele></trkpt><trkpt lat="47.309396473225206" lon="8.641223145648837"><ele>708.6999816894531</ele></trkpt><trkpt lat="47.30944843124598" lon="8.641330124344677"><ele>708.5999755859375</ele></trkpt><trkpt lat="47.30950389010832" lon="8.641446440014988"><ele>708.5</ele></trkpt><trkpt lat="47.309588885866106" lon="8.641490678768605"><ele>708.3999938964844</ele></trkpt><trkpt lat="47.30969178536907" lon="8.641543257050216"><ele>708.1999816894531</ele></trkpt><trkpt lat="47.309776791837066" lon="8.64150020480156"><ele>707.6999816894531</ele></trkpt><trkpt lat="47.309861798305064" lon="8.641457152087241"><ele>707.1999816894531</ele></trkpt><trkpt lat="47.3099468043074" lon="8.641414099372923"><ele>706.6999816894531</ele></trkpt><trkpt lat="47.31003179680556" lon="8.641372369136661"><ele>706.1999816894531</ele></trkpt><trkpt lat="47.31011680327356" lon="8.641329315956682"><ele>705.5999755859375</ele></trkpt><trkpt lat="47.31020360812545" lon="8.641286303754896"><ele>705.0999755859375</ele></trkpt><trkpt lat="47.31028771493584" lon="8.64124323008582"><ele>704.5</ele></trkpt><trkpt lat="47.3103700093925" lon="8.641201438382268"><ele>703.8999938964844</ele></trkpt><trkpt lat="47.310449799057096" lon="8.641141072846949"><ele>703.0999755859375</ele></trkpt><trkpt lat="47.31053048744798" lon="8.641080727800727"><ele>702.5</ele></trkpt><trkpt lat="47.31061027664691" lon="8.64102036273107"><ele>702.0999755859375</ele></trkpt><trkpt lat="47.31066014012322" lon="8.64098312985152"><ele>702.0999755859375</ele></trkpt><trkpt lat="47.310677299741656" lon="8.641062874346972"><ele>701.8999938964844</ele></trkpt><trkpt lat="47.31076489388943" lon="8.641030459664762"><ele>701.1999816894531</ele></trkpt><trkpt lat="47.31085248757154" lon="8.640998044516891"><ele>700.3999938964844</ele></trkpt><trkpt lat="47.31091209175065" lon="8.640975580085069"><ele>699.5</ele></trkpt><trkpt lat="47.31098045129329" lon="8.640889826696366"><ele>698.5</ele></trkpt><trkpt lat="47.31105059571564" lon="8.640805435366929"><ele>697.3999938964844</ele></trkpt><trkpt lat="47.31111805560067" lon="8.640719661023468"><ele>696.2999877929688</ele></trkpt><trkpt lat="47.31118731433526" lon="8.640633927192539"><ele>695.0999755859375</ele></trkpt><trkpt lat="47.31126841623336" lon="8.640533910598606"><ele>694.0</ele></trkpt><trkpt lat="47.311346461530775" lon="8.640468213241547"><ele>693.1999816894531</ele></trkpt><trkpt lat="47.31142450682819" lon="8.64040251635015"><ele>692.6999816894531</ele></trkpt><trkpt lat="47.3115025521256" lon="8.640336818993092"><ele>692.1999816894531</ele></trkpt><trkpt lat="47.31155792111531" lon="8.64028912782669"><ele>691.5999755859375</ele></trkpt><trkpt lat="47.311606756877154" lon="8.640177802648395"><ele>690.8999938964844</ele></trkpt><trkpt lat="47.3116500582546" lon="8.640079578850418"><ele>690.1999816894531</ele></trkpt><trkpt lat="47.31167834624648" lon="8.639954563695937"><ele>689.3999938964844</ele></trkpt><trkpt lat="47.31170754740015" lon="8.639828246552497"><ele>688.3999938964844</ele></trkpt><trkpt lat="47.31173583539203" lon="8.639703231398016"><ele>687.5999755859375</ele></trkpt><trkpt lat="47.311773515772074" lon="8.639540070667863"><ele>687.1999816894531</ele></trkpt><trkpt lat="47.31181878084317" lon="8.639426018577069"><ele>687.5</ele></trkpt><trkpt lat="47.31186493160203" lon="8.639313308987767"><ele>688.1999816894531</ele></trkpt><trkpt lat="47.31191109586507" lon="8.639199276920408"><ele>688.5999755859375</ele></trkpt><trkpt lat="47.311850944999605" lon="8.639101369772106"><ele>688.3999938964844</ele></trkpt><trkpt lat="47.31179610779509" lon="8.639011518098414"><ele>686.6999816894531</ele></trkpt><trkpt lat="47.31188112637028" lon="8.638967137318105"><ele>682.8999938964844</ele></trkpt><trkpt lat="47.311967943329364" lon="8.638922796584666"><ele>680.0</ele></trkpt><trkpt lat="47.312030483968556" lon="8.638963882811368"><ele>679.0999755859375</ele></trkpt><trkpt lat="47.31207040743902" lon="8.638844418805093"><ele>678.5999755859375</ele></trkpt><trkpt lat="47.31210853205994" lon="8.638724914286286"><ele>677.7999877929688</ele></trkpt><trkpt lat="47.3121475558728" lon="8.638605429325253"><ele>676.6999816894531</ele></trkpt><trkpt lat="47.31218657922" lon="8.638485944829881"><ele>675.7999877929688</ele></trkpt><trkpt lat="47.31223494000733" lon="8.638333603274077"><ele>675.2999877929688</ele></trkpt><trkpt lat="47.312223710585386" lon="8.638202406931669"><ele>675.0</ele></trkpt><trkpt lat="47.31221248069778" lon="8.638071211054921"><ele>675.1999816894531</ele></trkpt><trkpt lat="47.31220125127584" lon="8.637940015178174"><ele>675.0999755859375</ele></trkpt><trkpt lat="47.31218675384298" lon="8.637777001596987"><ele>674.2999877929688</ele></trkpt><trkpt lat="47.31222399137914" lon="8.637656153645366"><ele>673.2999877929688</ele></trkpt><trkpt lat="47.31226032972336" lon="8.637535284738988"><ele>672.0</ele></trkpt><trkpt lat="47.31229845248163" lon="8.637415778823197"><ele>670.6999816894531</ele></trkpt><trkpt lat="47.31233573099598" lon="8.637290962971747"><ele>669.7999877929688</ele></trkpt><trkpt lat="47.31235326547176" lon="8.637161735445261"><ele>669.0</ele></trkpt><trkpt lat="47.31237081345171" lon="8.63703118544072"><ele>668.5</ele></trkpt><trkpt lat="47.31238834746182" lon="8.636901957914233"><ele>668.0</ele></trkpt><trkpt lat="47.31240588147193" lon="8.636772730387747"><ele>667.5</ele></trkpt><trkpt lat="47.31242342898622" lon="8.636642179917544"><ele>667.1999816894531</ele></trkpt><trkpt lat="47.312442898750305" lon="8.636499769054353"><ele>667.5</ele></trkpt><trkpt lat="47.3124448210001" lon="8.636314638890326"><ele>668.1999816894531</ele></trkpt><trkpt lat="47.31242759618908" lon="8.636327479034662"><ele>667.8999938964844</ele></trkpt><trkpt lat="47.312369282823056" lon="8.636225647293031"><ele>666.6999816894531</ele></trkpt><trkpt lat="47.31233045319095" lon="8.636153351981193"><ele>665.3999938964844</ele></trkpt><trkpt lat="47.312357906252146" lon="8.636021701153368"><ele>664.2999877929688</ele></trkpt><trkpt lat="47.31244907481596" lon="8.6359047065489"><ele>663.1999816894531</ele></trkpt><trkpt lat="47.31248898152262" lon="8.635786561761051"><ele>662.5999755859375</ele></trkpt><trkpt lat="47.312523354776204" lon="8.635681519284844"><ele>662.6999816894531</ele></trkpt><trkpt lat="47.31251843133941" lon="8.635549142025411"><ele>662.5999755859375</ele></trkpt><trkpt lat="47.312513493932784" lon="8.635418087244034"><ele>662.1999816894531</ele></trkpt><trkpt lat="47.31250920891762" lon="8.635310854762793"><ele>661.5999755859375</ele></trkpt><trkpt lat="47.312562495004386" lon="8.635203590616584"><ele>660.1999816894531</ele></trkpt><trkpt lat="47.312637858558446" lon="8.635049204807729"><ele>658.1999816894531</ele></trkpt><trkpt lat="47.31263743061572" lon="8.634916927665472"><ele>657.1999816894531</ele></trkpt><trkpt lat="47.31263790279627" lon="8.634784671477973"><ele>657.2999877929688</ele></trkpt><trkpt lat="47.312637474853545" lon="8.634652394335717"><ele>657.0</ele></trkpt><trkpt lat="47.31263794610277" lon="8.634520137682557"><ele>656.5</ele></trkpt><trkpt lat="47.31263841735199" lon="8.634387881029397"><ele>655.8999938964844</ele></trkpt><trkpt lat="47.31263736402616" lon="8.634229136630893"><ele>656.1999816894531</ele></trkpt><trkpt lat="47.312668330501765" lon="8.634105499833822"><ele>657.1999816894531</ele></trkpt><trkpt lat="47.31269455328584" lon="8.634005563799292"><ele>656.7999877929688</ele></trkpt><trkpt lat="47.31267248559743" lon="8.633878092747182"><ele>655.0</ele></trkpt><trkpt lat="47.31264270702377" lon="8.633713413961232"><ele>653.5999755859375</ele></trkpt><trkpt lat="47.31264047930017" lon="8.633581097237766"><ele>653.2999877929688</ele></trkpt><trkpt lat="47.31263735238463" lon="8.633448760025203"><ele>653.0999755859375</ele></trkpt><trkpt lat="47.31263512419537" lon="8.633316442836076"><ele>653.0</ele></trkpt><trkpt lat="47.31263289647177" lon="8.633184125646949"><ele>652.7999877929688</ele></trkpt><trkpt lat="47.31263289647177" lon="8.633184125646949"><ele>652.7999877929688</ele></trkpt><trkpt lat="47.31263115629554" lon="8.633091499563307"><ele>651.7999877929688</ele></trkpt><trkpt lat="47.31271700374782" lon="8.633053740486503"><ele>649.3999938964844</ele></trkpt><trkpt lat="47.312802851200104" lon="8.633015981409699"><ele>646.8999938964844</ele></trkpt><trkpt lat="47.3128032614477" lon="8.63297631032765"><ele>645.5999755859375</ele></trkpt><trkpt lat="47.312893154099584" lon="8.6329822903499"><ele>645.5</ele></trkpt><trkpt lat="47.31298304675147" lon="8.632988270372152"><ele>645.5</ele></trkpt><trkpt lat="47.31308191921562" lon="8.632995774038136"><ele>645.5999755859375</ele></trkpt><trkpt lat="47.313170328270644" lon="8.632971299346536"><ele>645.0999755859375</ele></trkpt><trkpt lat="47.313258736394346" lon="8.632946824189276"><ele>643.5</ele></trkpt><trkpt lat="47.3133895508945" lon="8.632910070940852"><ele>641.0999755859375</ele></trkpt><trkpt lat="47.31347940210253" lon="8.632920017465949"><ele>639.5</ele></trkpt><trkpt lat="47.3135324078612" lon="8.632926494814456"><ele>639.0999755859375</ele></trkpt><trkpt lat="47.3136193016544" lon="8.632961506955326"><ele>639.0</ele></trkpt><trkpt lat="47.31370619498193" lon="8.632996519096196"><ele>638.7999877929688</ele></trkpt><trkpt lat="47.31379218911752" lon="8.633031511679292"><ele>638.5</ele></trkpt><trkpt lat="47.313879082445055" lon="8.633066523820162"><ele>638.1999816894531</ele></trkpt><trkpt lat="47.31396597577259" lon="8.633101536426693"><ele>638.0</ele></trkpt><trkpt lat="47.31405196990818" lon="8.63313652947545"><ele>637.6999816894531</ele></trkpt><trkpt lat="47.31414201296866" lon="8.63312796317041"><ele>636.6999816894531</ele></trkpt><trkpt lat="47.314231156837195" lon="8.633119376841933"><ele>635.7999877929688</ele></trkpt><trkpt lat="47.31432119989768" lon="8.633110811002553"><ele>635.6999816894531</ele></trkpt><trkpt lat="47.314411256928" lon="8.633100922219455"><ele>635.8999938964844</ele></trkpt><trkpt lat="47.314493192359805" lon="8.63309349771589"><ele>635.6999816894531</ele></trkpt><trkpt lat="47.31457725074142" lon="8.633141674101353"><ele>635.0999755859375</ele></trkpt><trkpt lat="47.31466132262722" lon="8.63318852847442"><ele>634.0</ele></trkpt><trkpt lat="47.31474448181689" lon="8.633236685302109"><ele>633.1999816894531</ele></trkpt><trkpt lat="47.31482943939045" lon="8.63328488310799"><ele>633.0999755859375</ele></trkpt><trkpt lat="47.314905458595604" lon="8.63332758937031"><ele>633.2999877929688</ele></trkpt><trkpt lat="47.314991265535355" lon="8.633293797262013"><ele>633.3999938964844</ele></trkpt><trkpt lat="47.31507885688916" lon="8.633261367212981"><ele>633.0999755859375</ele></trkpt><trkpt lat="47.3151664622128" lon="8.633227614685893"><ele>632.3999938964844</ele></trkpt><trkpt lat="47.31522934278473" lon="8.633322936482728"><ele>631.5</ele></trkpt><trkpt lat="47.315291337668896" lon="8.63341691577807"><ele>630.7999877929688</ele></trkpt><trkpt lat="47.31535244686529" lon="8.633509553037584"><ele>630.1999816894531</ele></trkpt><trkpt lat="47.31543646380305" lon="8.63356169871986"><ele>629.7999877929688</ele></trkpt><trkpt lat="47.31551778316498" lon="8.633613783866167"><ele>629.3999938964844</ele></trkpt><trkpt lat="47.315600900910795" lon="8.633665909525007"><ele>629.0</ele></trkpt><trkpt lat="47.31568313296884" lon="8.633716693148017"><ele>628.2999877929688</ele></trkpt><trkpt lat="47.3157465881668" lon="8.633756473660469"><ele>627.8999938964844</ele></trkpt><trkpt lat="47.3157362844795" lon="8.633795925416052"><ele>628.0</ele></trkpt><trkpt lat="47.3157465881668" lon="8.633756473660469"><ele>627.8999938964844</ele></trkpt><trkpt lat="47.315663470420986" lon="8.63370434800163"><ele>628.2999877929688</ele></trkpt><trkpt lat="47.31558035314083" lon="8.633652221877128"><ele>628.7999877929688</ele></trkpt><trkpt lat="47.315497235395014" lon="8.633600096218288"><ele>629.1999816894531</ele></trkpt><trkpt lat="47.315415002871305" lon="8.6335493135266"><ele>629.6999816894531</ele></trkpt><trkpt lat="47.31535244686529" lon="8.633509553037584"><ele>630.1999816894531</ele></trkpt><trkpt lat="47.31543555110693" lon="8.63356300117448"><ele>629.7999877929688</ele></trkpt><trkpt lat="47.315516856499016" lon="8.633616408798844"><ele>629.3999938964844</ele></trkpt><trkpt lat="47.31559906108305" lon="8.633669836912304"><ele>629.0</ele></trkpt><trkpt lat="47.31568126566708" lon="8.633723265025765"><ele>628.3999938964844</ele></trkpt><trkpt lat="47.31576436944306" lon="8.63377671316266"><ele>627.8999938964844</ele></trkpt><trkpt lat="47.3158474736847" lon="8.633830161765218"><ele>627.3999938964844</ele></trkpt><trkpt lat="47.31592879258096" lon="8.633882247842848"><ele>627.0999755859375</ele></trkpt><trkpt lat="47.315986865665764" lon="8.633920586202294"><ele>626.8999938964844</ele></trkpt><trkpt lat="47.31607573572546" lon="8.633938449900597"><ele>626.5</ele></trkpt><trkpt lat="47.3161394787021" lon="8.633950459770858"><ele>625.8999938964844</ele></trkpt><trkpt lat="47.316230434924364" lon="8.63394059240818"><ele>625.0</ele></trkpt><trkpt lat="47.31631959229708" lon="8.63393068453297"><ele>624.2999877929688</ele></trkpt><trkpt lat="47.316446563228965" lon="8.633917655795813"><ele>623.7999877929688</ele></trkpt><trkpt lat="47.316531566437334" lon="8.633874585852027"><ele>623.1999816894531</ele></trkpt><trkpt lat="47.3166165696457" lon="8.63383151544258"><ele>622.5999755859375</ele></trkpt><trkpt lat="47.316701559349895" lon="8.63378976797685"><ele>622.2999877929688</ele></trkpt><trkpt lat="47.316798322834074" lon="8.633740347344428"><ele>623.1999816894531</ele></trkpt><trkpt lat="47.3168158987537" lon="8.63378042448312"><ele>624.2999877929688</ele></trkpt><trkpt lat="47.3168982998468" lon="8.633728036191314"><ele>623.5</ele></trkpt><trkpt lat="47.31698071444407" lon="8.633674324955791"><ele>621.8999938964844</ele></trkpt><trkpt lat="47.31706311553717" lon="8.633621936663985"><ele>621.0</ele></trkpt><trkpt lat="47.31714642979205" lon="8.633568245451897"><ele>620.5</ele></trkpt><trkpt lat="47.317227931227535" lon="8.633515836205333"><ele>619.8999938964844</ele></trkpt><trkpt lat="47.31731395702809" lon="8.633460883051157"><ele>619.1999816894531</ele></trkpt><trkpt lat="47.31735933478922" lon="8.633422215469182"><ele>618.8999938964844</ele></trkpt><trkpt lat="47.317360430490226" lon="8.633316416759044"><ele>619.1999816894531</ele></trkpt><trkpt lat="47.317450555972755" lon="8.633299915585667"><ele>619.0999755859375</ele></trkpt><trkpt lat="47.31755959428847" lon="8.633281192276627"><ele>618.5</ele></trkpt><trkpt lat="47.3176428261213" lon="8.633235435001552"><ele>618.0999755859375</ele></trkpt><trkpt lat="47.317727856803685" lon="8.63318971823901"><ele>617.7999877929688</ele></trkpt><trkpt lat="47.31779389176518" lon="8.633154158014804"><ele>617.2999877929688</ele></trkpt><trkpt lat="47.31787106068805" lon="8.633085777051747"><ele>616.5999755859375</ele></trkpt><trkpt lat="47.317966408096254" lon="8.632999283727258"><ele>616.2999877929688</ele></trkpt><trkpt lat="47.31803476205096" lon="8.632913508918136"><ele>616.3999938964844</ele></trkpt><trkpt lat="47.31810311554" lon="8.632827733643353"><ele>616.8999938964844</ele></trkpt><trkpt lat="47.3181714694947" lon="8.63274195836857"><ele>618.0999755859375</ele></trkpt><trkpt lat="47.31827628985047" lon="8.632609378080815"><ele>619.8999938964844</ele></trkpt><trkpt lat="47.318352587055415" lon="8.632538330741227"><ele>621.6999816894531</ele></trkpt><trkpt lat="47.31842709938064" lon="8.632465920876712"><ele>623.0999755859375</ele></trkpt><trkpt lat="47.31850339611992" lon="8.632394873071462"><ele>624.0</ele></trkpt><trkpt lat="47.31857608212158" lon="8.632325067184865"><ele>624.2999877929688</ele></trkpt><trkpt lat="47.318638898897916" lon="8.63233970105648"><ele>624.1999816894531</ele></trkpt><trkpt lat="47.318692174740136" lon="8.63240703381598"><ele>623.5</ele></trkpt><trkpt lat="47.31873323908076" lon="8.632524360436946"><ele>621.5999755859375</ele></trkpt><trkpt lat="47.31877430295572" lon="8.632641687523574"><ele>618.8999938964844</ele></trkpt><trkpt lat="47.31882324162871" lon="8.632780355866998"><ele>616.0</ele></trkpt><trkpt lat="47.318902949336916" lon="8.632901193574071"><ele>613.0</ele></trkpt><trkpt lat="47.31902830814943" lon="8.632956912741065"><ele>610.5999755859375</ele></trkpt><trkpt lat="47.31911588553339" lon="8.63292580191046"><ele>609.1999816894531</ele></trkpt><trkpt lat="47.31923597631976" lon="8.632882190402597"><ele>608.0</ele></trkpt><trkpt lat="47.31931352009997" lon="8.63295139092952"><ele>607.0</ele></trkpt><trkpt lat="47.31931352009997" lon="8.632951390463859"><ele>605.5999755859375</ele></trkpt><trkpt lat="47.319320034235716" lon="8.632930370979011"><ele>605.5999755859375</ele></trkpt><trkpt lat="47.31946012098342" lon="8.633040656801313"><ele>604.7999877929688</ele></trkpt><trkpt lat="47.31953029660508" lon="8.633039582055062"><ele>604.5</ele></trkpt><trkpt lat="47.31958007486537" lon="8.633010271005332"><ele>604.5999755859375</ele></trkpt><trkpt lat="47.31963016791269" lon="8.632950541563332"><ele>604.5</ele></trkpt><trkpt lat="47.31968008726835" lon="8.63282069703564"><ele>604.3999938964844</ele></trkpt><trkpt lat="47.319750452414155" lon="8.632540505379438"><ele>603.0999755859375</ele></trkpt><trkpt lat="47.319779970217496" lon="8.632469731848687"><ele>603.0</ele></trkpt><trkpt lat="47.319830268621445" lon="8.632390163373202"><ele>603.0</ele></trkpt><trkpt lat="47.31998975900933" lon="8.63219001237303"><ele>602.0999755859375</ele></trkpt><trkpt lat="47.320209928788245" lon="8.631950208451599"><ele>600.6999816894531</ele></trkpt><trkpt lat="47.32029032846913" lon="8.631830303929746"><ele>600.6999816894531</ele></trkpt><trkpt lat="47.320500111207366" lon="8.63128997432068"><ele>599.3999938964844</ele></trkpt><trkpt lat="47.32053041784093" lon="8.631229799706489"><ele>599.0999755859375</ele></trkpt><trkpt lat="47.32068990636617" lon="8.63102964265272"><ele>598.1999816894531</ele></trkpt><trkpt lat="47.320850419811904" lon="8.630730291828513"><ele>598.1999816894531</ele></trkpt><trkpt lat="47.32088982919231" lon="8.630659737158567"><ele>599.0999755859375</ele></trkpt><trkpt lat="47.320929823443294" lon="8.630619621369988"><ele>598.8999938964844</ele></trkpt><trkpt lat="47.32100053410977" lon="8.63047965336591"><ele>598.5</ele></trkpt><trkpt lat="47.32110010320321" lon="8.630419702269137"><ele>598.1999816894531</ele></trkpt><trkpt lat="47.32124053640291" lon="8.630409610457718"><ele>597.8999938964844</ele></trkpt><trkpt lat="47.32123981881887" lon="8.630740315187722"><ele>598.0</ele></trkpt><trkpt lat="47.32126031862572" lon="8.631019902415574"><ele>601.2999877929688</ele></trkpt><trkpt lat="47.321329871658236" lon="8.631340273655951"><ele>606.1999816894531</ele></trkpt><trkpt lat="47.32135994313285" lon="8.631389892660081"><ele>606.2999877929688</ele></trkpt><trkpt lat="47.321800232399255" lon="8.632219932973385"><ele>606.8999938964844</ele></trkpt><trkpt lat="47.32182970503345" lon="8.632240436039865"><ele>606.7999877929688</ele></trkpt><trkpt lat="47.32191015267745" lon="8.632289860397577"><ele>606.5999755859375</ele></trkpt><trkpt lat="47.32215050421655" lon="8.632360060233623"><ele>606.8999938964844</ele></trkpt><trkpt lat="47.32219977630302" lon="8.63237968320027"><ele>607.0</ele></trkpt><trkpt lat="47.32223994517699" lon="8.632409686222672"><ele>607.0999755859375</ele></trkpt><trkpt lat="47.32237989176065" lon="8.632620514836162"><ele>606.1999816894531</ele></trkpt><trkpt lat="47.32247040607035" lon="8.63274028012529"><ele>606.7999877929688</ele></trkpt><trkpt lat="47.322500271722674" lon="8.63280974002555"><ele>606.8999938964844</ele></trkpt><trkpt lat="47.32252023089677" lon="8.632880301680416"><ele>606.8999938964844</ele></trkpt><trkpt lat="47.322550443932414" lon="8.633089998736978"><ele>607.1999816894531</ele></trkpt><trkpt lat="47.32252999674529" lon="8.633240353316069"><ele>607.2999877929688</ele></trkpt><trkpt lat="47.32257024338469" lon="8.633349733892828"><ele>607.5999755859375</ele></trkpt><trkpt lat="47.322529728058726" lon="8.633440108038485"><ele>608.3999938964844</ele></trkpt><trkpt lat="47.322669783607125" lon="8.633379745762795"><ele>613.8999938964844</ele></trkpt><trkpt lat="47.32273025857285" lon="8.633359933272004"><ele>615.6999816894531</ele></trkpt><trkpt lat="47.322740151081234" lon="8.633360154926777"><ele>616.2999877929688</ele></trkpt><trkpt lat="47.32286024745554" lon="8.633489845786244"><ele>620.1999816894531</ele></trkpt><trkpt lat="47.322900416795164" lon="8.63351985020563"><ele>621.0999755859375</ele></trkpt><trkpt lat="47.32322978368029" lon="8.633680688217282"><ele>625.0</ele></trkpt><trkpt lat="47.323640022426844" lon="8.633849954698235"><ele>629.3999938964844</ele></trkpt><trkpt lat="47.32364011835307" lon="8.63384069595486"><ele>629.2999877929688</ele></trkpt><trkpt lat="47.32364010484889" lon="8.633842018898576"><ele>629.2999877929688</ele></trkpt><trkpt lat="47.32364010484889" lon="8.633842018898576"><ele>629.2999877929688</ele></trkpt><trkpt lat="47.32364011835307" lon="8.63384069595486"><ele>629.2999877929688</ele></trkpt><trkpt lat="47.323759995400906" lon="8.633470310363919"><ele>628.5999755859375</ele></trkpt><trkpt lat="47.323800227604806" lon="8.633320395369083"><ele>628.0999755859375</ele></trkpt><trkpt lat="47.32389034656808" lon="8.632869963999838"><ele>626.8999938964844</ele></trkpt><trkpt lat="47.323959812521935" lon="8.632589729968458"><ele>626.7999877929688</ele></trkpt><trkpt lat="47.32397011620924" lon="8.632550272159278"><ele>627.0</ele></trkpt><trkpt lat="47.324100483208895" lon="8.632469844073057"><ele>631.0999755859375</ele></trkpt><trkpt lat="47.32414016360417" lon="8.632460149005055"><ele>632.6999816894531</ele></trkpt><trkpt lat="47.324170156847686" lon="8.632430392317474"><ele>633.1999816894531</ele></trkpt><trkpt lat="47.32431989535689" lon="8.63212946197018"><ele>633.6999816894531</ele></trkpt><trkpt lat="47.32450040197" lon="8.631810696795583"><ele>634.5999755859375</ele></trkpt><trkpt lat="47.324590533506125" lon="8.631619559135288"><ele>635.2999877929688</ele></trkpt><trkpt lat="47.324660061858594" lon="8.631420022808015"><ele>634.8999938964844</ele></trkpt><trkpt lat="47.324710118584335" lon="8.631189621984959"><ele>633.7999877929688</ele></trkpt><trkpt lat="47.32474026689306" lon="8.630970682483166"><ele>633.3999938964844</ele></trkpt><trkpt lat="47.32475972548127" lon="8.630480295047164"><ele>633.3999938964844</ele></trkpt><trkpt lat="47.32481012446806" lon="8.630129510071129"><ele>633.3999938964844</ele></trkpt><trkpt lat="47.32484975364059" lon="8.62995047075674"><ele>633.3999938964844</ele></trkpt><trkpt lat="47.32494018226862" lon="8.62973023019731"><ele>633.6999816894531</ele></trkpt><trkpt lat="47.325020199175924" lon="8.629560030065477"><ele>634.0</ele></trkpt><trkpt lat="47.325049810577184" lon="8.629479988943785"><ele>633.8999938964844</ele></trkpt><trkpt lat="47.32507973583415" lon="8.629369527101517"><ele>633.8999938964844</ele></trkpt><trkpt lat="47.32515973877162" lon="8.629200648050755"><ele>634.5999755859375</ele></trkpt><trkpt lat="47.325060308445245" lon="8.629160062875599"><ele>634.2999877929688</ele></trkpt><trkpt lat="47.32505485787988" lon="8.629165233112872"><ele>634.2999877929688</ele></trkpt><trkpt lat="47.32505485787988" lon="8.629165233112872"><ele>634.1999816894531</ele></trkpt><trkpt lat="47.32514814287424" lon="8.629191128537059"><ele>634.5999755859375</ele></trkpt><trkpt lat="47.32519875280559" lon="8.629081127699465"><ele>635.0999755859375</ele></trkpt><trkpt lat="47.3252493487671" lon="8.628972448874265"><ele>635.5999755859375</ele></trkpt><trkpt lat="47.32529995823279" lon="8.62886244757101"><ele>636.0</ele></trkpt><trkpt lat="47.32535145338625" lon="8.628753788769245"><ele>636.2999877929688</ele></trkpt><trkpt lat="47.32540116365999" lon="8.628643766976893"><ele>636.5999755859375</ele></trkpt><trkpt lat="47.32545085949823" lon="8.628535067662597"><ele>636.7999877929688</ele></trkpt><trkpt lat="47.32550146896392" lon="8.628425064962357"><ele>637.0</ele></trkpt><trkpt lat="47.32555207796395" lon="8.62831506272778"><ele>637.0999755859375</ele></trkpt><trkpt lat="47.32560357218608" lon="8.628206402529031"><ele>637.2999877929688</ele></trkpt><trkpt lat="47.325653281994164" lon="8.628096379805356"><ele>637.3999938964844</ele></trkpt><trkpt lat="47.32570387655869" lon="8.627987699583173"><ele>637.3999938964844</ele></trkpt><trkpt lat="47.32575448509306" lon="8.62787769595161"><ele>637.5</ele></trkpt><trkpt lat="47.32580509362742" lon="8.627767692320049"><ele>637.6999816894531</ele></trkpt><trkpt lat="47.32585658784956" lon="8.62765903165564"><ele>637.7999877929688</ele></trkpt><trkpt lat="47.325906296726316" lon="8.62754900753498"><ele>637.8999938964844</ele></trkpt><trkpt lat="47.3259559920989" lon="8.627440305892378"><ele>638.0999755859375</ele></trkpt><trkpt lat="47.32600749935955" lon="8.62733032181859"><ele>638.1999816894531</ele></trkpt><trkpt lat="47.32605719426647" lon="8.627221619710326"><ele>638.2999877929688</ele></trkpt><trkpt lat="47.32610780186951" lon="8.627111615147442"><ele>638.3999938964844</ele></trkpt><trkpt lat="47.326158409472555" lon="8.627001610118896"><ele>638.2999877929688</ele></trkpt><trkpt lat="47.32620900357142" lon="8.626892927568406"><ele>638.1999816894531</ele></trkpt><trkpt lat="47.32626051036641" lon="8.626782942097634"><ele>638.0</ele></trkpt><trkpt lat="47.32631020480767" lon="8.626674239058048"><ele>637.7999877929688</ele></trkpt><trkpt lat="47.32636081194505" lon="8.626564233098179"><ele>637.5999755859375</ele></trkpt><trkpt lat="47.326411405578256" lon="8.626455549616367"><ele>637.3999938964844</ele></trkpt><trkpt lat="47.32646201271564" lon="8.626345543656498"><ele>637.1999816894531</ele></trkpt><trkpt lat="47.32651172019541" lon="8.626235517207533"><ele>637.0</ele></trkpt><trkpt lat="47.326562313362956" lon="8.62612683326006"><ele>636.8999938964844</ele></trkpt><trkpt lat="47.32661292003468" lon="8.626016825903207"><ele>636.6999816894531</ele></trkpt><trkpt lat="47.326664412394166" lon="8.625908161979169"><ele>636.5999755859375</ele></trkpt><trkpt lat="47.32671411940828" lon="8.625798134598881"><ele>636.5999755859375</ele></trkpt><trkpt lat="47.32676472608" lon="8.625688126776367"><ele>636.5999755859375</ele></trkpt><trkpt lat="47.32681531878188" lon="8.625579441897571"><ele>636.5</ele></trkpt><trkpt lat="47.32686592498794" lon="8.625469434075058"><ele>636.5999755859375</ele></trkpt><trkpt lat="47.32691741688177" lon="8.625360768754035"><ele>636.6999816894531</ele></trkpt><trkpt lat="47.32696712343022" lon="8.625250740442425"><ele>636.7999877929688</ele></trkpt><trkpt lat="47.3270168164745" lon="8.62514203460887"><ele>637.0</ele></trkpt><trkpt lat="47.327067422214895" lon="8.625032025855035"><ele>637.1999816894531</ele></trkpt><trkpt lat="47.327118027955294" lon="8.624922017101198"><ele>637.5</ele></trkpt><trkpt lat="47.32716951938346" lon="8.624813350383192"><ele>638.0</ele></trkpt><trkpt lat="47.32721922546625" lon="8.62470332114026"><ele>638.3999938964844</ele></trkpt><trkpt lat="47.32726981770247" lon="8.624594634398818"><ele>639.0</ele></trkpt><trkpt lat="47.32732042297721" lon="8.62448462471366"><ele>639.5999755859375</ele></trkpt><trkpt lat="47.32737101474777" lon="8.624375937506557"><ele>640.3999938964844</ele></trkpt><trkpt lat="47.32742070686072" lon="8.624267230276018"><ele>641.0999755859375</ele></trkpt><trkpt lat="47.32750757597387" lon="8.624304883182049"><ele>641.8999938964844</ele></trkpt><trkpt lat="47.327594444621354" lon="8.62434253608808"><ele>642.7999877929688</ele></trkpt><trkpt lat="47.32768042758107" lon="8.624378846492618"><ele>643.6999816894531</ele></trkpt><trkpt lat="47.327765497379005" lon="8.62441645981744"><ele>644.5</ele></trkpt><trkpt lat="47.32785236649215" lon="8.624454113189131"><ele>645.2999877929688</ele></trkpt><trkpt lat="47.32793833548203" lon="8.624491746537387"><ele>646.0</ele></trkpt><trkpt lat="47.32802431844175" lon="8.624528057407588"><ele>646.5999755859375</ele></trkpt><trkpt lat="47.328111187089235" lon="8.62456571124494"><ele>647.1999816894531</ele></trkpt><trkpt lat="47.328197156544775" lon="8.624603345058858"><ele>647.5999755859375</ele></trkpt><trkpt lat="47.32828402519226" lon="8.624640998896211"><ele>648.0</ele></trkpt><trkpt lat="47.328387912828475" lon="8.624685646500438"><ele>648.2999877929688</ele></trkpt><trkpt lat="47.32846420491114" lon="8.624614574480802"><ele>648.5</ele></trkpt><trkpt lat="47.32854048302397" lon="8.624544824939221"><ele>648.6999816894531</ele></trkpt><trkpt lat="47.32862405106425" lon="8.624465975444764"><ele>648.7999877929688</ele></trkpt><trkpt lat="47.32868619821966" lon="8.62437077332288"><ele>648.7999877929688</ele></trkpt><trkpt lat="47.32876112591475" lon="8.624257331714034"><ele>648.6999816894531</ele></trkpt><trkpt lat="47.32879388006404" lon="8.624133690726012"><ele>648.5</ele></trkpt><trkpt lat="47.328817259985954" lon="8.624046887736768"><ele>648.1999816894531</ele></trkpt><trkpt lat="47.328810032922775" lon="8.623874728102237"><ele>647.8999938964844</ele></trkpt><trkpt lat="47.32878976641223" lon="8.623745939694345"><ele>647.5999755859375</ele></trkpt><trkpt lat="47.32876949990168" lon="8.623617151752114"><ele>647.1999816894531</ele></trkpt><trkpt lat="47.32874833373353" lon="8.623488343786448"><ele>646.7999877929688</ele></trkpt><trkpt lat="47.328727167565376" lon="8.623359536286443"><ele>646.2999877929688</ele></trkpt><trkpt lat="47.32870690058917" lon="8.623230748344213"><ele>645.5999755859375</ele></trkpt><trkpt lat="47.32868573395535" lon="8.623101940844208"><ele>645.0</ele></trkpt><trkpt lat="47.328665466979146" lon="8.622973152901977"><ele>644.3999938964844</ele></trkpt><trkpt lat="47.32864429987967" lon="8.622844345867634"><ele>643.6999816894531</ele></trkpt><trkpt lat="47.3286240324378" lon="8.622715558391064"><ele>643.0</ele></trkpt><trkpt lat="47.328602865338326" lon="8.62258675089106"><ele>642.5</ele></trkpt><trkpt lat="47.328573288396" lon="8.622400865424424"><ele>642.0999755859375</ele></trkpt><trkpt lat="47.328661708161235" lon="8.62237504310906"><ele>641.8999938964844</ele></trkpt><trkpt lat="47.32874922826886" lon="8.622349200770259"><ele>641.8999938964844</ele></trkpt><trkpt lat="47.3288385476917" lon="8.62232339847833"><ele>641.7999877929688</ele></trkpt><trkpt lat="47.32892608176917" lon="8.622296233195812"><ele>641.7999877929688</ele></trkpt><trkpt lat="47.32901540072635" lon="8.62227043043822"><ele>641.7999877929688</ele></trkpt><trkpt lat="47.32910202164203" lon="8.622244567610323"><ele>641.6999816894531</ele></trkpt><trkpt lat="47.32919044140726" lon="8.622218744829297"><ele>641.5999755859375</ele></trkpt><trkpt lat="47.3292788611725" lon="8.62219292204827"><ele>641.3999938964844</ele></trkpt><trkpt lat="47.32936728093773" lon="8.622167098801583"><ele>641.0999755859375</ele></trkpt><trkpt lat="47.32944849226624" lon="8.622142439242452"><ele>640.6999816894531</ele></trkpt><trkpt lat="47.329538425430655" lon="8.622144434135407"><ele>640.0</ele></trkpt><trkpt lat="47.32961936574429" lon="8.622146229725331"><ele>639.2999877929688</ele></trkpt><trkpt lat="47.32969949161634" lon="8.622227393090725"><ele>638.5</ele></trkpt><trkpt lat="47.32975236605853" lon="8.62233441369608"><ele>637.6999816894531</ele></trkpt><trkpt lat="47.32975910324603" lon="8.622466871980578"><ele>637.0</ele></trkpt><trkpt lat="47.329765853937715" lon="8.62259800825268"><ele>636.5999755859375</ele></trkpt><trkpt lat="47.32977259065956" lon="8.622730467002839"><ele>636.3999938964844</ele></trkpt><trkpt lat="47.329778441693634" lon="8.622861583717167"><ele>637.5999755859375</ele></trkpt><trkpt lat="47.329778441693634" lon="8.622861583717167"><ele>637.5999755859375</ele></trkpt><trkpt lat="47.32978517888114" lon="8.622994042932987"><ele>640.0</ele></trkpt><trkpt lat="47.32979191513732" lon="8.623126502148807"><ele>640.0</ele></trkpt><trkpt lat="47.329799564089626" lon="8.623257657978684"><ele>637.8999938964844</ele></trkpt><trkpt lat="47.3298054006882" lon="8.623390096705407"><ele>637.0999755859375</ele></trkpt><trkpt lat="47.329811237286776" lon="8.623522535897791"><ele>637.7999877929688</ele></trkpt><trkpt lat="47.329819459468126" lon="8.62368545960635"><ele>638.6999816894531</ele></trkpt><trkpt lat="47.329853284172714" lon="8.623807935975492"><ele>639.5</ele></trkpt><trkpt lat="47.329886209219694" lon="8.6239303923212"><ele>640.1999816894531</ele></trkpt><trkpt lat="47.32992001995444" lon="8.62405419209972"><ele>641.0</ele></trkpt><trkpt lat="47.32995384372771" lon="8.624176668934524"><ele>641.7999877929688</ele></trkpt><trkpt lat="47.32998676877469" lon="8.624299125745893"><ele>642.6999816894531</ele></trkpt><trkpt lat="47.3300214917399" lon="8.624421623069793"><ele>643.5999755859375</ele></trkpt><trkpt lat="47.33005440281704" lon="8.62454540329054"><ele>644.5999755859375</ele></trkpt><trkpt lat="47.33008819911629" lon="8.62467052647844"><ele>645.1999816894531</ele></trkpt><trkpt lat="47.33021492138505" lon="8.624593957792968"><ele>645.1999816894531</ele></trkpt><trkpt lat="47.33028415450826" lon="8.624509494751692"><ele>645.0</ele></trkpt><trkpt lat="47.330353387165815" lon="8.624425031710416"><ele>645.1999816894531</ele></trkpt><trkpt lat="47.33042351948097" lon="8.624340588692576"><ele>645.5</ele></trkpt><trkpt lat="47.33049185341224" lon="8.624256105627865"><ele>645.8999938964844</ele></trkpt><trkpt lat="47.33053376618773" lon="8.624204112682492"><ele>646.3999938964844</ele></trkpt><trkpt lat="47.33061443222687" lon="8.624145042151213"><ele>646.8999938964844</ele></trkpt><trkpt lat="47.33069421257824" lon="8.624084629118443"><ele>647.5</ele></trkpt><trkpt lat="47.330774878617376" lon="8.624025558121502"><ele>648.1999816894531</ele></trkpt><trkpt lat="47.33085555816069" lon="8.623965164646506"><ele>648.8999938964844</ele></trkpt><trkpt lat="47.330935324542224" lon="8.62390607362613"><ele>649.6999816894531</ele></trkpt><trkpt lat="47.331015104427934" lon="8.623845659662038"><ele>650.5</ele></trkpt><trkpt lat="47.33109577046707" lon="8.623786588199437"><ele>651.2999877929688</ele></trkpt><trkpt lat="47.33117645001039" lon="8.623726193793118"><ele>652.0</ele></trkpt><trkpt lat="47.331258941441774" lon="8.623664516024292"><ele>652.7999877929688</ele></trkpt><trkpt lat="47.33134655747563" lon="8.623629414942116"><ele>653.5999755859375</ele></trkpt><trkpt lat="47.33147573284805" lon="8.623576713260263"><ele>654.3999938964844</ele></trkpt><trkpt lat="47.33154044719413" lon="8.623669447377324"><ele>654.8999938964844</ele></trkpt><trkpt lat="47.331635304261" lon="8.623805191833526"><ele>655.0999755859375</ele></trkpt><trkpt lat="47.331712467595935" lon="8.623736779671162"><ele>655.0</ele></trkpt><trkpt lat="47.3317887452431" lon="8.623667024541646"><ele>655.0</ele></trkpt><trkpt lat="47.33188043348491" lon="8.623585703317076"><ele>655.0</ele></trkpt><trkpt lat="47.331967370118946" lon="8.623616743832827"><ele>655.0</ele></trkpt><trkpt lat="47.33205519244075" lon="8.62364912731573"><ele>655.0999755859375</ele></trkpt><trkpt lat="47.33214212907478" lon="8.62368016783148"><ele>655.0999755859375</ele></trkpt><trkpt lat="47.33222996490076" lon="8.623711228836328"><ele>655.0999755859375</ele></trkpt><trkpt lat="47.33231688803062" lon="8.623743592761457"><ele>655.0999755859375</ele></trkpt><trkpt lat="47.3324047238566" lon="8.623774653766304"><ele>655.1999816894531</ele></trkpt><trkpt lat="47.33249255968258" lon="8.623805714771152"><ele>655.2999877929688</ele></trkpt><trkpt lat="47.332579482812434" lon="8.62383807869628"><ele>655.0999755859375</ele></trkpt><trkpt lat="47.33266641944647" lon="8.623869120143354"><ele>655.0</ele></trkpt><trkpt lat="47.33274080604315" lon="8.623895913362503"><ele>655.0999755859375</ele></trkpt><trkpt lat="47.33282835409045" lon="8.62386742560193"><ele>655.2999877929688</ele></trkpt><trkpt lat="47.33289423631504" lon="8.623846395872533"><ele>655.3999938964844</ele></trkpt><trkpt lat="47.33292430546135" lon="8.623721362557262"><ele>654.6999816894531</ele></trkpt><trkpt lat="47.33296944247559" lon="8.623530504759401"><ele>654.1999816894531</ele></trkpt><trkpt lat="47.333045166451484" lon="8.62360231531784"><ele>654.3999938964844</ele></trkpt><trkpt lat="47.333119977265596" lon="8.62367542926222"><ele>655.1999816894531</ele></trkpt><trkpt lat="47.333209954202175" lon="8.623760788701475"><ele>656.1999816894531</ele></trkpt><trkpt lat="47.33327210089192" lon="8.623665577266365"><ele>656.8999938964844</ele></trkpt><trkpt lat="47.33333426062018" lon="8.623569042887539"><ele>657.0</ele></trkpt><trkpt lat="47.33339640684426" lon="8.623473830986768"><ele>657.0999755859375</ele></trkpt><trkpt lat="47.33343845512718" lon="8.623408605810255"><ele>657.0999755859375</ele></trkpt></trkseg></trk></gpx>